ID,2006-11-BizGroup,2006-11-Education,2006-11-MonthsOfExp,2006-12-BizGroup,2006-12-Education,2006-12-MonthsOfExp,2007-1-BizGroup,2007-1-Education,2007-1-MonthsOfExp,2007-2-BizGroup,2007-2-Education,2007-2-MonthsOfExp,2007-3-BizGroup,2007-3-Education,2007-3-MonthsOfExp
4358447,,,,,,,,,,,,,,,
7617147,,,,,,,,,,,,,,,
6743495,,,,,,,,,,,,,,,
7513358,,,,,,,,,,,,,,,
339125,Finance,1,0,Finance,1,1,Finance,1,2,Finance,1,3,Finance,1,4
7766727,,,,,,,,,,,,,,,
3865081,,,,,,,,,,,,,,,
6751770,,,,,,,,,,,,,,,
7368995,,,,,,,,,,,,,,,
6534456,,,,,,,,,,,,,,,
4914129,,,,,,,,,,,,,,,
2992619,,,,,,,,,,,,,,,
2337618,,,,,,,,,,,,,,,
7707652,,,,,,,,,,,,,,,
5694984,,,,,,,,,,,,,,,
2643391,,,,,,,,,,,,,,,
7702985,,,,,,,,,,,,,,,
7707717,,,,,,,,,,,,,,,
7705143,,,,,,,,,,,,,,,
4186708,,,,,,,,,,,,,,,
7698837,,,,,,,,,,,,,,,
99650,,,,,,,,,,,,,,,
7434359,,,,,,,,,,,,,,,
7521525,,,,,,,,,,,,,,,
6392460,,,,,,,,,,,,,,,
7725701,,,,,,,,,,,,,,,
808657,,,,,,,,,,,,,,,
7712052,,,,,,,,,,,,,,,
83890,,,,,,,,,,,,,,,
3973799,,,,,,,,,,,,,,,
7013278,,,,,,,,,,,,,,,
4704177,,,,,,,,,,,,,,,
7647137,,,,,,,,,,,,,,,
4859021,,,,,,,,,,,,,,,
4859000,,,,,,,,,,,,,,,
7703368,,,,,,,,,,,,,,,
3778552,,,,,,,,,,,,,,,
80964,,,,,,,,,,,,,,,
7304428,,,,,,,,,,,,,,,
7734740,,,,,,,,,,,,,,,
7143658,,,,,,,,,,,,,,,
7630140,,,,,,,,,,,,,,,
7677956,,,,,,,,,,,,,,,
7580643,,,,,,,,,,,,,,,
7681130,,,,,,,,,,,,,,,
7684886,,,,,,,,,,,,,,,
7570780,,,,,,,,,,,,,,,
7677958,,,,,,,,,,,,,,,
7223435,,,,,,,,,,,,,,,
3336032,,,,,,,,,,,,,,,
7697457,,,,,,,,,,,,,,,
4807021,,,,,,,,,,,,,,,
4163189,,,,,,,,,,,,,,,
7695867,,,,,,,,,,,,,,,
7622814,,,,,,,,,,,,,,,
916219,,,,,,,,,,,,,,,
633717,,,,,,,,,,,,,,,
4634681,,,,,,,,,,,,,,,
7568048,,,,,,,,,,,,,,,
7374423,,,,,,,,,,,,,,,
6855436,,,,,,,,,,,,,,,
7586947,,,,,,,,,,,,,,,
7601145,,,,,,,,,,,,,,,
7406304,,,,,,,,,,,,,,,
68572,,,,,,,,,,,,,,,
7588212,,,,,,,,,,,,,,,
6539090,,,,,,,,,,,,,,,
46495,,,,,,,,,,,,,,,
7595740,,,,,,,,,,,,,,,
6431147,,,,,,,,,,,,,,,
7607944,,,,,,,,,,,,,,,
6775194,,,,,,,,,,,,,,,
6750464,,,,,,,,,,,,,,,
7601149,,,,,,,,,,,,,,,
4812253,,,,,,,,,,,,,,,
2638082,,,,,,,,,,,,,,,
90021,,,,,,,,,,,,,,,
6998249,,,,,,,,,,,,,,,
7129052,,,,,,,,,,,,,,,
7549893,,,,,,,,,,,,,,,
5148333,,,,,,,,,,,,,,,
7567911,,,,,,,,,,,,,,,
7457534,,,,,,,,,,,,,,,
7567387,,,,,,,,,,,,,,,
7307383,,,,,,,,,,,,,,,
7577939,,,,,,,,,,,,,,,
108649,,,,,,,,,,,,,,,
4977946,,,,,,,,,,,,,,,
4358384,,,,,,,,,,,,,,,
7592594,,,,,,,,,,,,,,,
3960652,,,,,,,,,,,,,,,
7597054,,,,,,,,,,,,,,,
6703483,,,,,,,,,,,,,,,
7362718,,,,,,,,,,,,,,,
7584724,,,,,,,,,,,,,,,
38932,,,,,,,,,,,,,,,
3959790,,,,,,,,,,,,,,,
7562806,,,,,,,,,,,,,,,
7583297,,,,,,,,,,,,,,,
4586311,,,,,,,,,,,,,,,
3836590,,,,,,,,,,,,,,,
4094587,,,,,,,,,,,,,,,
7473614,,,,,,,,,,,,,,,
46050,,,,,,,,,,,,,,,
7603334,,,,,,,,,,,,,,,
7385947,,,,,,,,,,,,,,,
4220266,,,,,,,,,,,,,,,
3059052,,,,,,,,,,,,,,,
7169763,,,,,,,,,,,,,,,
7364068,,,,,,,,,,,,,,,
112113,,,,,,,,,,,,,,,
7552503,,,,,,,,,,,,,,,
7473481,,,,,,,,,,,,,,,
7041327,,,,,,,,,,,,,,,
6338801,,,,,,,,,,,,,,,
7546657,,,,,,,,,,,,,,,
7649647,,,,,,,,,,,,,,,
99286,,,,,,,,,,,,,,,
7597649,,,,,,,,,,,,,,,
7563048,,,,,,,,,,,,,,,
4855363,,,,,,,,,,,,,,,
6893495,,,,,,,,,,,,,,,
7650647,,,,,,,,,,,,,,,
7539720,,,,,,,,,,,,,,,
7529620,,,,,,,,,,,,,,,
7645330,,,,,,,,,,,,,,,
103312,,,,,,,,,,,,,,,
7116230,,,,,,,,,,,,,,,
7642236,,,,,,,,,,,,,,,
7614984,,,,,,,,,,,,,,,
7574942,,,,,,,,,,,,,,,
7628247,,,,,,,,,,,,,,,
7655228,,,,,,,,,,,,,,,
7650833,,,,,,,,,,,,,,,
7642359,,,,,,,,,,,,,,,
7536457,,,,,,,,,,,,,,,
7525046,,,,,,,,,,,,,,,
7635311,,,,,,,,,,,,,,,
71434,,,,,,,,,,,,,,,
6355645,,,,,,,,,,,,,,,
7344033,,,,,,,,,,,,,,,
7605354,,,,,,,,,,,,,,,
7578717,,,,,,,,,,,,,,,
373124,,,,,,,,,,,,,,,
7146844,,,,,,,,,,,,,,,
5344589,,,,,,,,,,,,,,,
4776377,,,,,,,,,,,,,,,
4013417,,,,,,,,,,,,,,,
5590504,,,,,,,,,,,,,,,
7601578,,,,,,,,,,,,,,,
7403410,,,,,,,,,,,,,,,
7174867,,,,,,,,,,,,,,,
3890977,,,,,,,,,,,,,,,
7570657,,,,,,,,,,,,,,,
7102954,,,,,,,,,,,,,,,
7625328,,,,,,,,,,,,,,,
7645613,,,,,,,,,,,,,,,
6272087,,,,,,,,,,,,,,,
7642053,,,,,,,,,,,,,,,
6298747,,,,,,,,,,,,,,,
7504933,,,,,,,,,,,,,,,
7597650,,,,,,,,,,,,,,,
4020534,,,,,,,,,,,,,,,
7531809,,,,,,,,,,,,,,,
7635008,,,,,,,,,,,,,,,
7481134,,,,,,,,,,,,,,,
6320544,,,,,,,,,,,,,,,
4588345,,,,,,,,,,,,,,,
6997532,,,,,,,,,,,,,,,
6390842,,,,,,,,,,,,,,,
7642023,,,,,,,,,,,,,,,
7627905,,,,,,,,,,,,,,,
7582717,,,,,,,,,,,,,,,
5945904,,,,,,,,,,,,,,,
7254503,,,,,,,,,,,,,,,
63834,,,,,,,,,,,,,,,
7577746,,,,,,,,,,,,,,,
4663021,,,,,,,,,,,,,,,
7429580,,,,,,,,,,,,,,,
6840414,,,,,,,,,,,,,,,
7559136,,,,,,,,,,,,,,,
7580890,,,,,,,,,,,,,,,
7484189,,,,,,,,,,,,,,,
5335379,,,,,,,,,,,,,,,
110193,,,,,,,,,,,,,,,
6656716,,,,,,,,,,,,,,,
7483317,,,,,,,,,,,,,,,
4202284,,,,,,,,,,,,,,,
2645230,,,,,,,,,,,,,,,
4188414,,,,,,,,,,,,,,,
7377364,,,,,,,,,,,,,,,
7483257,,,,,,,,,,,,,,,
99673,,,,,,,,,,,,,,,
7457952,,,,,,,,,,,,,,,
91183,,,,,,,,,,,,,,,
4853632,,,,,,,,,,,,,,,
7483145,,,,,,,,,,,,,,,
4077710,,,,,,,,,,,,,,,
7405944,,,,,,,,,,,,,,,
7291311,,,,,,,,,,,,,,,
5049344,,,,,,,,,,,,,,,
3893327,,,,,,,,,,,,,,,
7273239,,,,,,,,,,,,,,,
7376399,,,,,,,,,,,,,,,
4858959,,,,,,,,,,,,,,,
4656177,,,,,,,,,,,,,,,
7448768,,,,,,,,,,,,,,,
2913498,,,,,,,,,,,,,,,
911617,,,,,,,,,,,,,,,
6664554,,,,,,,,,,,,,,,
6424273,,,,,,,,,,,,,,,
3596273,,,,,,,,,,,,,,,
7478302,,,,,,,,,,,,,,,
41613,,,,,,,,,,,,,,,
7473998,,,,,,,,,,,,,,,
7490351,,,,,,,,,,,,,,,
7484120,,,,,,,,,,,,,,,
3834401,,,,,,,,,,,,,,,
797817,,,,,,,,,,,,,,,
4017417,,,,,,,,,,,,,,,
7451264,,,,,,,,,,,,,,,
5251746,,,,,,,,,,,,,,,
7502378,,,,,,,,,,,,,,,
7434883,,,,,,,,,,,,,,,
7484542,,,,,,,,,,,,,,,
7327638,,,,,,,,,,,,,,,
6830805,,,,,,,,,,,,,,,
7277829,,,,,,,,,,,,,,,
4812008,,,,,,,,,,,,,,,
7521373,,,,,,,,,,,,,,,
6575002,,,,,,,,,,,,,,,
3530576,,,,,,,,,,,,,,,
7485846,,,,,,,,,,,,,,,
7485755,,,,,,,,,,,,,,,
7484362,,,,,,,,,,,,,,,
5097921,,,,,,,,,,,,,,,
7483528,,,,,,,,,,,,,,,
99648,,,,,,,,,,,,,,,
7393665,,,,,,,,,,,,,,,
6444915,,,,,,,,,,,,,,,
7291326,,,,,,,,,,,,,,,
6752166,,,,,,,,,,,,,,,
7097003,,,,,,,,,,,,,,,
368204,,,,Information Technology (IT),2,0,Information Technology (IT),2,1,Information Technology (IT),2,2,Information Technology (IT),2,3
266406,,,,,,,,,,,,,,,
6557683,,,,,,,,,,,,,,,
2598087,,,,,,,,,,,,,,,
7097188,,,,,,,,,,,,,,,
7491416,,,,,,,,,,,,,,,
7491325,,,,,,,,,,,,,,,
7555060,,,,,,,,,,,,,,,
7484466,,,,,,,,,,,,,,,
5124738,,,,,,,,,,,,,,,
7498964,,,,,,,,,,,,,,,
7294094,,,,,,,,,,,,,,,
100138,,,,,,,,,,,,,,,
4029766,,,,,,,,,,,,,,,
7513539,,,,,,,,,,,,,,,
4622223,,,,,,,,,,,,,,,
7534666,,,,,,,,,,,,,,,
4672342,,,,,,,,,,,,,,,
7539600,,,,,,,,,,,,,,,
7469250,,,,,,,,,,,,,,,
7549937,,,,,,,,,,,,,,,
7509180,,,,,,,,,,,,,,,
7483318,,,,,,,,,,,,,,,
6744181,,,,,,,,,,,,,,,
4933272,,,,,,,,,,,,,,,
6274173,,,,,,,,,,,,,,,
7444198,,,,,,,,,,,,,,,
3772650,,,,,,,,,,,,,,,
6679743,,,,,,,,,,,,,,,
1483757,,,,,,,,,,,,,,,
3994467,,,,,,,,,,,,,,,
2829135,,,,,,,,,,,,,,,
92621,,,,,,,,,,,,,,,
363074,,,,,,,,,,,,,,,
6770876,,,,,,,,,,,,,,,
40675,,,,,,,,,,,,,,,
7134319,,,,,,,,,,,,,,,
92774,,,,,,,,,,,,,,,
7485954,,,,,,,,,,,,,,,
7532425,,,,,,,,,,,,,,,
84669,,,,,,,,,,,,,,,
3673453,,,,,,,,,,,,,,,
64493,,,,,,,,,,Technology and Manufacturing,3,0,Technology and Manufacturing,3,1
43950,,,,,,,,,,,,,,,
74354,,,,,,,,,,,,,,,
7436850,,,,,,,,,,,,,,,
3165434,,,,,,,,,,,,,,,
7521611,,,,,,,,,,,,,,,
7529200,,,,,,,,,,,,,,,
477482,,,,,,,,,,,,,,,
73295,,,,,,,,,,,,,,,
7491617,,,,,,,,,,,,,,,
7484468,,,,,,,,,,,,,,,
105434,,,,,,,,,,,,,,,
7536914,,,,,,,,,,,,,,,
4243955,,,,,,,,,,,,,,,
7469347,,,,,,,,,,,,,,,
101093,,,,,,,,,,,,,,,
3756798,,,,,,,,,,,,,,,
4518115,,,,,,,,,,,,,,,
4129234,,,,,,,,,,,,,,,
7386215,,,,,,,,,,,,,,,
5191604,,,,,,,,,,,,,,,
7535278,,,,,,,,,,,,,,,
7489604,,,,,,,,,,,,,,,
7115357,,,,,,,,,,,,,,,
2603793,,,,,,,,,,,,,,,
6688055,,,,,,,,,,,,,,,
5614344,,,,,,,,,,,,,,,
5008319,,,,,,,,,,,,,,,
5422951,,,,,,,,,,,,,,,
7262621,,,,,,,,,,,,,,,
7420580,,,,,,,,,,,,,,,
7384204,,,,,,,,,,,,,,,
7483323,,,,,,,,,,,,,,,
4455056,,,,,,,,,,,,,,,
7544315,,,,,,,,,,,,,,,
647002,,,,,,,,,,,,,,,
7521428,,,,,,,,,,,,,,,
3468838,,,,,,,,,,,,,,,
86256,,,,,,,,,,,,,,,
2684462,,,,,,,,,,,,,,,
3971814,,,,,,,,,,,,,,,
4604125,,,,,,,,,,,,,,,
6590960,,,,,,,,,,,,,,,
371119,,,,,,,,,,,,,,,
7326182,,,,,,,,,,,,,,,
7171869,,,,,,,,,,,,,,,
2599504,,,,,,,,,,,,,,,
7094759,,,,,,,,,,,,,,,
7369003,,,,,,,,,,,,,,,
6560400,,,,,,,,,,,,,,,
7130255,,,,,,,,,,,,,,,
37481,,,,,,,,,,,,,,,
7145736,,,,,,,,,,,,,,,
6604504,,,,,,,,,,,,,,,
4039696,,,,,,,,,,,,,,,
7243653,,,,,,,,,,,,,,,
7320049,,,,,,,,,,,,,,,
2757895,,,,,,,,,,,,,,,
6660209,,,,,,,,,,,,,,,
3772221,,,,,,,,,,,,,,,
7422122,,,,,,,,,,,,,,,
99226,,,,,,,,,,,,,,,
3882941,,,,,,,,,,,,,,,
7359289,,,,,,,,,,,,,,,
7447774,,,,,,,,,,,,,,,
80858,,,,,,,,,,,,,,,
4639734,,,,,,,,,,,,,,,
95993,,,,,,,,,,,,,,,
80306,,,,,,,,,,,,,,,
7331012,,,,,,,,,,,,,,,
4259797,,,,,,,,,,,,,,,
7364217,,,,,,,,,,,,,,,
7447794,,,,,,,,,,,,,,,
347041,,,,Information Technology (IT),0,0,Information Technology (IT),0,1,Information Technology (IT),0,2,Information Technology (IT),0,3
6635033,,,,,,,,,,,,,,,
4398777,,,,,,,,,,,,,,,
3792821,,,,,,,,,,,,,,,
7184245,,,,,,,,,,,,,,,
5404180,,,,,,,,,,,,,,,
7160007,,,,,,,,,,,,,,,
7324841,,,,,,,,,,,,,,,
2742347,,,,,,,,,,,,,,,
47887,,,,,,,,,,,,,,,
7337145,,,,,,,,,,,,,,,
7416112,,,,,,,,,,,,,,,
88274,,,,,,,,,,,,,,,
40830,,,,,,,,,,,,,,,
7434467,,,,,,,,,,,,,,,
6748228,,,,,,,,,,,,,,,
7290436,,,,,,,,,,,,,,,
4759414,,,,,,,,,,,,,,,
7097184,,,,,,,,,,,,,,,
7232381,,,,,,,,,,,,,,,
6439546,,,,,,,,,,,,,,,
3902074,,,,,,,,,,,,,,,
2645209,,,,,,,,,,,,,,,
4165343,,,,,,,,,,,,,,,
3836326,,,,,,,,,,,,,,,
79644,,,,,,,,,,,,,,,
6807790,,,,,,,,,,,,,,,
7357195,,,,,,,,,,,,,,,
6340531,,,,,,,,,,,,,,,
4838392,,,,,,,,,,,,,,,
4020581,,,,,,,,,,,,,,,
61367,,,,,,,,,,,,,,,
73856,,,,,,,,,,,,,,,
6166225,,,,,,,,,,,,,,,
7236472,,,,,,,,,,,,,,,
6531626,,,,,,,,,,,,,,,
4704152,,,,,,,,,,,,,,,
7314624,,,,,,,,,,,,,,,
2783350,,,,,,,,,,,,,,,
93920,,,,,,,,,,,,,,,
2770987,,,,,,,,,,,,,,,
6749565,,,,,,,,,,,,,,,
3359655,,,,,,,,,,,,,,,
3761351,,,,,,,,,,,,,,,
100746,,,,,,,,,,,,,,,
334518,,,,,,,,,,,,,,,
7371450,,,,,,,,,,,,,,,
484082,,,,,,,,,,Mobility,3,0,Mobility,3,1
68575,,,,,,,,,,,,,,,
7432628,,,,,,,,,,,,,,,
4245178,,,,,,,,,,,,,,,
4167946,,,,,,,,,,,,,,,
7369090,,,,,,,,,,,,,,,
3933099,,,,,,,,,,,,,,,
3937974,,,,,,,,,,,,,,,
7307108,,,,,,,,,,,,,,,
6562612,,,,,,,,,,,,,,,
4042824,,,,,,,,,,,,,,,
83923,,,,,,,,,,,,,,,
4031906,,,,,,,,,,,,,,,
2898002,,,,,,,,,,,,,,,
6597352,,,,,,,,,,,,,,,
7399961,,,,,,,,,,,,,,,
100114,,,,,,,,,,,,,,,
4403414,,,,,,,,,,,,,,,
4424356,,,,,,,,,,,,,,,
6355385,,,,,,,,,,,,,,,
94064,,,,,,,,,,,,,,,
6604826,,,,,,,,,,,,,,,
7369617,,,,,,,,,,,,,,,
46999,,,,,,,,,,,,,,,
7097210,,,,,,,,,,,,,,,
7102572,,,,,,,,,,,,,,,
7364382,,,,,,,,,,,,,,,
4399534,,,,,,,,,,,,,,,
4811482,,,,,,,,,,,,,,,
7168895,,,,,,,,,,,,,,,
7100811,,,,,,,,,,,,,,,
7386206,,,,,,,,,,,,,,,
7444433,,,,,,,,,,,,,,,
7357254,,,,,,,,,,,,,,,
7165925,,,,,,,,,,,,,,,
7406278,,,,,,,,,,,,,,,
7262257,,,,,,,,,,,,,,,
7410626,,,,,,,,,,,,,,,
86542,,,,,,,,,,,,,,,
6783053,,,,,,,,,,,,,,,
7416263,,,,,,,,,,,,,,,
6778232,,,,,,,,,,,,,,,
7325869,,,,,,,,,,,,,,,
7413279,,,,,,,,,,,,,,,
7241903,,,,,,,,,,,,,,,
7308825,,,,,,,,,,,,,,,
41794,,,,,,,,,,,,,,,
4279897,,,,,,,,,,,,,,,
5048982,,,,,,,,,,,,,,,
6404791,,,,,,,,,,,,,,,
6309522,,,,,,,,,,,,,,,
7097227,,,,,,,,,,,,,,,
5146678,,,,,,,,,,,,,,,
7369421,,,,,,,,,,,,,,,
41404,,,,,,,,,,,,,,,
7097229,,,,,,,,,,,,,,,
2602185,,,,,,,,,,,,,,,
413692,,,,,,,Technology and Manufacturing,3,0,Technology and Manufacturing,3,1,Technology and Manufacturing,3,2
4280167,,,,,,,,,,,,,,,
7119842,,,,,,,,,,,,,,,
6656998,,,,,,,,,,,,,,,
6543128,,,,,,,,,,,,,,,
4846355,,,,,,,,,,,,,,,
7271301,,,,,,,,,,,,,,,
5424637,,,,,,,,,,,,,,,
4283058,,,,,,,,,,,,,,,
4859705,,,,,,,,,,,,,,,
99788,,,,,,,,,,,,,,,
5198870,,,,,,,,,,,,,,,
109684,,,,,,,,,,,,,,,
97477,,,,,,,,,,,,,,,
44714,,,,,,,,,,,,,,,
102024,,,,,,,,,,,,,,,
102192,,,,,,,,,,,,,,,
95985,,,,,,,,,,,,,,,
45991,,,,,,,,,,,,,,,
102329,,,,,,,,,,,,,,,
100144,,,,,,,,,,,,,,,
79994,,,,,,,,,,,,,Finance,0,0
60504,,,,,,,,,,,,,,,
3079033,,,,,,,,,,,,,,,
7163575,,,,,,,,,,,,,,,
7293274,,,,,,,,,,,,,,,
48120,,,,,,,,,,,,,,,
47081,,,,,,,,,,,,,,,
38395,,,,,,,,,,,,,,,
672402,,,,,,,,,,,,,,,
48077,,,,,,,,,,,,,,,
68616,,,,,,,,,,,,,,,
112358,,,,Technology and Manufacturing,0,0,Technology and Manufacturing,0,1,Technology and Manufacturing,0,2,Technology and Manufacturing,0,3
6869540,,,,,,,,,,,,,,,
6564305,,,,,,,,,,,,,,,
3874906,,,,,,,,,,,,,,,
3734143,,,,,,,,,,,,,,,
82678,,,,,,,,,,,,,,,
342473,Information Technology (IT),0,0,Information Technology (IT),0,1,Information Technology (IT),0,2,Information Technology (IT),0,3,Information Technology (IT),0,4
6805604,,,,,,,,,,,,,,,
175980,,,,,,,,,,,,,,,
94046,,,,,,,,,,,,,,,
7117033,,,,,,,,,,,,,,,
7293033,,,,,,,,,,,,,,,
7240238,,,,,,,,,,,,,,,
48079,,,,,,,,,,,,,,,
7292249,,,,,,,,,,,,,,,
7159184,,,,,,,,,,,,,,,
5414472,,,,,,,,,,,,,,,
46553,,,,,,,,,,,,,,,
4367454,,,,,,,,,,,,,,,
4844937,,,,,,,,,,,,,,,
44648,,,,,,,,,,,,,,,
72996,,,,Mobility,3,0,Mobility,3,1,Mobility,3,2,Mobility,3,3
91540,,,,,,,,,,,,,,,
5400218,,,,,,,,,,,,,,,
2262297,,,,,,,,,,,,,,,
7198825,,,,,,,,,,,,,,,
4977622,,,,,,,,,,,,,,,
62813,,,,,,,,,,,,,,,
7209031,,,,,,,,,,,,,,,
2628258,,,,,,,,,,,,,,,
46780,,,,,,,,,,,,,,,
5148327,,,,,,,,,,,,,,,
7277551,,,,,,,,,,,,,,,
6708459,,,,,,,,,,,,,,,
367802,,,,,,,,,,,,,,,
6361530,,,,,,,,,,,,,,,
44661,,,,,,,,,,,,,,,
3598766,,,,,,,,,,,,,,,
346995,,,,Technology and Manufacturing,0,0,Technology and Manufacturing,0,1,Technology and Manufacturing,0,2,Technology and Manufacturing,0,3
4031380,,,,,,,,,,,,,,,
68573,,,,,,,,,,,,,,,
3943191,,,,,,,,,,,,,,,
107308,,,,,,,,,,,,,,,
7309209,,,,,,,,,,,,,,,
7245960,,,,,,,,,,,,,,,
7303661,,,,,,,,,,,,,,,
3981510,,,,,,,,,,,,,,,
46442,,,,,,,,,,,,,,,
7307429,,,,,,,,,,,,,,,
3937518,,,,,,,,,,,,,,,
6883010,,,,,,,,,,,,,,,
42688,,,,,,,,,,,,,,,
7190311,,,,,,,,,,,,,,,
3776440,,,,,,,,,,,,,,,
4704131,,,,,,,,,,,,,,,
5232115,,,,,,,,,,,,,,,
79643,,,,,,,,,,,,,,,
7291391,,,,,,,,,,,,,,,
6640432,,,,,,,,,,,,,,,
4858958,,,,,,,,,,,,,,,
7301444,,,,,,,,,,,,,,,
48063,,,,,,,,,,,,,,,
112158,,,,,,,,,,,,,,,
4242037,,,,,,,,,,,,,,,
7201076,,,,,,,,,,,,,,,
7298442,,,,,,,,,,,,,,,
106949,,,,,,,,,,,,,,,
112192,,,,,,,,,,,,,,,
47097,,,,,,,,,,,,,,,
6544760,,,,,,,,,,,,,,,
100382,,,,,,,,,,,,,,,
95855,,,,,,,,,,,,,,,
7129225,,,,,,,,,,,,,,,
106922,,,,,,,,,,,,,,,
42463,,,,,,,,,,,,,,,
105380,,,,,,,,,,,,,,,
47071,,,,,,,,,,,,,,,
43519,,,,,,,,,,,,,,,
7166054,,,,,,,,,,,,,,,
4724220,,,,,,,,,,,,,,,
5424262,,,,,,,,,,,,,,,
78543,,,,,,,,,,,,,,,
3294111,,,,,,,,,,,,,,,
3997155,,,,,,,,,,,,,,,
2879031,,,,,,,,,,,,,,,
91176,,,,,,,,,,,,,,,
83750,,,,,,,,,,,,,,,
111829,,,,,,,,,,,,,,,
6936410,,,,,,,,,,,,,,,
6781590,,,,,,,,,,,,,,,
47027,,,,,,,,,,,,,,,
75226,,,,,,,,,,,,,,,
55012,,,,,,,,,,,,,,,
47098,,,,,,,,,,,,,,,
7317770,,,,,,,,,,,,,,,
52822,,,,,,,,,,,,,,,
7259554,,,,,,,,,,,,,,,
310236,,,,,,,,,,,,,,,
44807,,,,,,,,,,,,,,,
7208881,,,,,,,,,,,,,,,
2582960,,,,,,,,,,,,,,,
93370,,,,,,,,,,,,,,,
107327,,,,,,,,,,,,,,,
95915,,,,,,,,,,,,,,,
4652345,,,,,,,,,,,,,,,
1569237,,,,,,,,,,,,,,,
3952683,,,,,,,,,,,,,,,
98735,,,,,,,,,,,,,,,
2647233,,,,,,,,,,,,,,,
100373,,,,,,,,,,,,,,,
89837,,,,,,,,,,,,,,,
7111382,,,,,,,,,,,,,,,
107165,,,,,,,,,,,,,,,
99118,,,,,,,,,,,,,,,
91185,,,,,,,,,,,,,,,
7254408,,,,,,,,,,,,,,,
79598,,,,,,,,,,,,,,,
432325,,,,,,,Finance,3,0,Finance,3,1,Finance,3,2
2672640,,,,,,,,,,,,,,,
2591773,,,,,,,,,,,,,,,
4828402,,,,,,,,,,,,,,,
7006561,,,,,,,,,,,,,,,
4588351,,,,,,,,,,,,,,,
2579098,,,,,,,,,,,,,,,
4596663,,,,,,,,,,,,,,,
6373984,,,,,,,,,,,,,,,
6671100,,,,,,,,,,,,,,,
5403883,,,,,,,,,,,,,,,
7148814,,,,,,,,,,,,,,,
39757,,,,,,,,,,,,,,,
65885,,,,,,,,,,,,,,,
101757,,,,,,,,,,,,,,,
4878145,,,,,,,,,,,,,,,
107330,,,,,,,,,,,,,,,
97559,,,,,,,,,,,,,,,
663077,,,,,,,,,,,,,,,
95938,,,,,,,,,,,,,,,
6641610,,,,,,,,,,,,,,,
4561115,,,,,,,,,,,,,,,
4374478,,,,,,,,,,,,,,,
4556659,,,,,,,,,,,,,,,
73868,,,,,,,,,,,,,,,
6749527,,,,,,,,,,,,,,,
4012405,,,,,,,,,,,,,,,
46543,,,,,,,,,,,,,,,
100385,,,,,,,,,,,,,,,
47082,,,,,,,,,,,,,,,
45229,,,,,,,,,,,,,,,
3627591,,,,,,,,,,,,,,,
44721,,,,,,,,,,,,,,,
42448,,,,,,,,,,,,,,,
40301,,,,,,,,,,,,,,,
6870945,,,,,,,,,,,,,,,
4855955,,,,,,,,,,,,,,,
7089597,,,,,,,,,,,,,,,
66400,,,,,,,,,,,,,,,
3794629,,,,,,,,,,,,,,,
94060,,,,,,,,,,,,,,,
3524087,,,,,,,,,,,,,,,
6331980,,,,,,,,,,,,,,,
4868242,,,,,,,,,,,,,,,
6988734,,,,,,,,,,,,,,,
5065977,,,,,,,,,,,,,,,
4615213,,,,,,,,,,,,,,,
3599161,,,,,,,,,,,,,,,
3747262,,,,,,,,,,,,,,,
4879851,,,,,,,,,,,,,,,
6950820,,,,,,,,,,,,,,,
47940,,,,,,,,,,,,,,,
3970579,,,,,,,,,,,,,,,
47872,,,,,,,,,,,,,,,
46464,,,,,,,,,,,,,,,
42424,,,,,,,,,,,,,,,
3553801,,,,,,,,,,,,,,,
7047828,,,,,,,,,,,,,,,
234649,,,,,,,,,,,,,,,
384258,,,,,,,Technology and Manufacturing,3,0,Technology and Manufacturing,3,1,Technology and Manufacturing,3,2
6443224,,,,,,,,,,,,,,,
44179,,,,,,,,,,,,,,,
6445559,,,,,,,,,,,,,,,
75526,,,,,,,,,,,,,,,
6987628,,,,,,,,,,,,,,,
7034768,,,,,,,,,,,,,,,
7130432,,,,,,,,,,,,,,,
41648,,,,,,,,,,,,,,,
5429102,,,,,,,,,,,,,,,
6447312,,,,,,,,,,,,,,,
4226061,,,,,,,,,,,,,,,
99797,,,,,,,,,,,,,,,
101731,,,,,,,,,,,,,,,
3492416,,,,,,,,,,,,,,,
60667,,,,,,,,,,,,,,,
662737,,,,,,,,,,,,,,,
90046,,,,,,,,,,,,,,,
6770264,,,,,,,,,,,,,,,
798041,,,,,,,,,,,,,,,
808357,,,,,,,,,,,,,,,
7104513,,,,,,,,,,,,,,,
2593023,,,,,,,,,,,,,,,
4716369,,,,,,,,,,,,,,,
40280,,,,,,,,,,,,,,,
6538366,,,,,,,,,,,,,,,
4121403,,,,,,,,,,,,,,,
4601490,,,,,,,,,,,,,,,
7043477,,,,,,,,,,,,,,,
797967,,,,,,,,,,,,,,,
48064,,,,,,,,,,,,,,,
107274,,,,,,,,,,,,,,,
677159,,,,,,,,,,,,,,,
4328443,,,,,,,,,,,,,,,
106870,,,,,,,,,,,,,,,
60677,,,,,,,,,,,,,,,
107297,,,,,,,,,,,,,,,
29713,,,,,,,,,,,,,,,
93417,,,,,,,,,,,,,,,
59866,,,,,,,,,,,,,,,
97362,,,,,,,,,,,,,,,
4369536,,,,,,,,,,,,,,,
6556468,,,,,,,,,,,,,,,
7004684,,,,,,,,,,,,,,,
6559778,,,,,,,,,,,,,,,
6989582,,,,,,,,,,,,,,,
3697396,,,,,,,,,,,,,,,
2642711,,,,,,,,,,,,,,,
48259,,,,,,,,,,,,,,,
613458,,,,,,,,,,,,,,,
4515157,,,,,,,,,,,,,,,
3975835,,,,,,,,,,,,,,,
6888653,,,,,,,,,,,,,,,
51640,,,,,,,,,,,,,,,
99961,,,,,,,,,,,,,,,
2262737,,,,,,,,,,,,,,,
41970,,,,,,,,,,,,,,,
45189,,,,,,,,,,,,,,,
3545477,,,,,,,,,,,,,,,
2431757,,,,,,,,,,,,,,,
101552,,,,,,,,,,,,,,,
64497,,,,,,,,,,,,,,,
2453857,,,,,,,,,,,,,,,
44688,,,,,,,,,,,,,,,
40283,,,,,,,,,,,,,,,
2631979,,,,,,,,,,,,,,,
98661,,,,,,,,,,,,,,,
109217,,,,,,,,,,,,,,,
6864838,,,,,,,,,,,,,,,
6858171,,,,,,,,,,,,,,,
6778197,,,,,,,,,,,,,,,
99481,,,,,,,,,,,,,,,
6983726,,,,,,,,,,,,,,,
79791,,,,,,,,,,,,,,,
42301,,,,,,,,,,,,,,,
3547761,,,,,,,,,,,,,,,
3944550,,,,,,,,,,,,,,,
3940124,,,,,,,,,,,,,,,
6975690,,,,,,,,,,,,,,,
3949116,,,,,,,,,,,,,,,
97497,,,,,,,,,,,,,,,
6957075,,,,,,,,,,,,,,,
3943933,,,,,,,,,,,,,,,
68657,,,,,,,,,,,,,,,
38767,,,,,,,,,,,,,,,
3929371,,,,,,,,,,,,,,,
4610628,,,,,,,,,,,,,,,
4121249,,,,,,,,,,,,,,,
66469,,,,,,,,,,,,,,,
125419,,,,Information Technology (IT),0,0,Information Technology (IT),0,1,Information Technology (IT),0,2,Information Technology (IT),0,3
79379,,,,,,,,,,,,,,,
59981,,,,,,,,,,,,,,,
46425,,,,,,,,,,,,,,,
69489,,,,,,,,,,,,,,,
4701222,,,,,,,,,,,,,,,
95883,,,,,,,,,,,,,,,
43918,,,,,,,,,,,,,Technology and Manufacturing,3,0
4969645,,,,,,,,,,,,,,,
5408344,,,,,,,,,,,,,,,
40333,,,,,,,,,,,,,,,
6423473,,,,,,,,,,,,,,,
3734562,,,,,,,,,,,,,,,
42285,,,,,,,,,,,,,,,
41562,,,,,,,,,,,,,,,
46992,,,,,,,,,,,,,,,
612321,,,,,,,,,,,,,,,
65911,,,,,,,,,,,,,,,
70787,,,,,,,,,,,,,,,
46010,,,,,,,,,,,,,,,
6738306,,,,,,,,,,,,,,,
3845814,,,,,,,,,,,,,,,
110377,,,,,,,,,,,,,,,
3915581,,,,,,,,,,,,,,,
4707204,,,,,,,,,,,,,,,
79583,,,,,,,,,,,,,,,
3809764,,,,,,,,,,,,,,,
6855826,,,,,,,,,,,,,,,
3937481,,,,,,,,,,,,,,,
59954,,,,,,,,,,,,,,,
6862540,,,,,,,,,,,,,,,
6451900,,,,,,,,,,,,,,,
84820,,,,,,,,,,,,,,,
4849449,,,,,,,,,,,,,,,
3973869,,,,,,,,,,,,,,,
69392,,,,,,,,,,,,,,,
110782,,,,,,,,,,,,,,,
44871,,,,,,,,,,,,,,,
44844,,,,,,,,,,,,,,,
44695,,,,,,,,,,,,,,,
2924895,,,,,,,,,,,,,,,
107064,,,,,,,,,,,,,,,
66488,,,,,,,,,,,,,,,
3360115,,,,,,,,,,,,,,,
1906957,,,,,,,,,,,,,,,
65877,,,,,,,,,,,,,,,
3747275,,,,,,,,,,,,,,,
230076,,,,,,,,,,,,,,,
74494,,,,,,,,,,,,,,,
42283,,,,,,,,,,,,,,,
38723,,,,,,,,,,,,,,,
4586656,,,,,,,,,,,,,,,
111315,,,,,,,,,,,,,,,
86980,,,,,,,,,,,,,,,
6850323,,,,,,,,,,,,,,,
3952253,,,,,,,,,,,,,,,
38376,,,,,,,,,,,,,,,
79214,,,,Human Resources,0,0,Human Resources,0,1,Human Resources,0,2,Human Resources,0,3
2695141,,,,,,,,,,,,,,,
5190790,,,,,,,,,,,,,,,
5076755,,,,,,,,,,,,,,,
3899019,,,,,,,,,,,,,,,
862437,,,,,,,,,,,,,,,
2912119,,,,,,,,,,,,,,,
46789,,,,,,,,,,,,,,,
42120,,,,,,,,,,,,,,,
4360693,,,,,,,,,,,,,,,
3794537,,,,,,,,,,,,,,,
3762827,,,,,,,,,,,,,,,
6880982,,,,,,,,,,,,,,,
18611,,,,,,,,,,,,,,,
73020,,,,,,,,,,,,,,,
64163,,,,,,,,,,,,,,,
45864,,,,,,,,,,,,,,,
52961,,,,,,,,,,,,,,,
5900504,,,,,,,,,,,,,,,
77696,,,,,,,,,,,,,,,
3822320,,,,,,,,,,,,,,,
37819,,,,,,,,,,,,,,,
2696101,,,,,,,,,,,,,,,
84657,,,,,,,,,,,,,,,
3915237,,,,,,,,,,,,,,,
45858,,,,,,,,,,,,,,,
6966521,,,,,,,,,,,,,,,
4303079,,,,,,,,,,,,,,,
4322870,,,,,,,,,,,,,,,
2498237,,,,,,,,,,,,,,,
76234,,,,,,,Finance,3,0,Finance,3,1,Finance,3,2
510648,,,,,,,,,,,,,,,
6328724,,,,,,,,,,,,,,,
6630910,,,,,,,,,,,,,,,
6795127,,,,,,,,,,,,,,,
332175,,,,,,,,,,,,,,,
6578573,,,,,,,,,,,,,,,
5722984,,,,,,,,,,,,,,,
877897,,,,,,,,,,,,,,,
6211665,,,,,,,,,,,,,,,
4899916,,,,,,,,,,,,,,,
66470,,,,,,,,,,,,,,,
6461741,,,,,,,,,,,,,,,
4372456,,,,,,,,,,,,,,,
397617,,,,,,,,,,,,,,,
2806994,,,,,,,,,,,,,,,
42230,,,,,,,,,,,,,,,
59921,,,,,,,,,,,,,,,
3509728,,,,,,,,,,,,,,,
230448,Information Technology (IT),4,0,Information Technology (IT),4,1,Information Technology (IT),4,2,Information Technology (IT),4,3,Information Technology (IT),4,4
66487,,,,,,,,,,,,,,,
3876082,,,,,,,,,,,,,,,
45923,,,,,,,Mobility,2,0,Mobility,2,1,Mobility,2,2
46547,,,,,,,,,,,,,,,
46982,,,,,,,,,,,,,,,
3842083,,,,,,,,,,,,,,,
6862629,,,,,,,,,,,,,,,
4929776,,,,,,,,,,,,,,,
3722722,,,,,,,,,,,,,,,
3772614,,,,,,,,,,,,,,,
2588917,,,,,,,,,,,,,,,
100636,,,,,,,,,,,,,,,
2843121,,,,,,,,,,,,,,,
3809069,,,,,,,,,,,,,,,
85406,,,,,,,,,,,,,,,
107067,,,,,,,,,,,,,,,
108504,,,,,,,,,,,,,,,
45940,,,,,,,,,,,,,,,
3948915,,,,,,,,,,,,,,,
4552153,,,,,,,,,,,,,,,
1716557,,,,,,,,,,,,,,,
108720,,,,,,,,,,,,,,,
42222,,,,,,,,,,,,,,,
5108709,,,,,,,,,,,,,,,
4848876,,,,,,,,,,,,,,,
3759495,,,,,,,,,,,,,,,
4933802,,,,,,,,,,,,,,,
4039754,,,,,,,,,,,,,,,
4848880,,,,,,,,,,,,,,,
39572,,,,,,,,,,,,,,,
146806,,,,,,,,,,,,,,,
5102727,,,,,,,,,,,,,,,
6772415,,,,,,,,,,,,,,,
64161,,,,,,,,,,,,,,,
6555148,,,,,,,,,,,,,,,
474221,,,,,,,,,,Mobility,3,0,Mobility,3,1
399957,,,,Information Technology (IT),2,0,Information Technology (IT),2,1,Information Technology (IT),2,2,Information Technology (IT),2,3
6623274,,,,,,,,,,,,,,,
6452145,,,,,,,,,,,,,,,
6318852,,,,,,,,,,,,,,,
6483944,,,,,,,,,,,,,,,
631704,,,,,,,,,,,,,,,
5279586,,,,,,,,,,,,,,,
5045378,,,,,,,,,,,,,,,
6374136,,,,,,,,,,,,,,,
85382,,,,,,,,,,,,,,,
757437,,,,,,,,,,,,,,,
4768012,,,,,,,,,,,,,,,
6389220,,,,,,,,,,,,,,,
496406,,,,,,,,,,,,,Finance,1,0
5140734,,,,,,,,,,,,,,,
6746123,,,,,,,,,,,,,,,
6255184,,,,,,,,,,,,,,,
3961516,,,,,,,,,,,,,,,
93855,,,,Finance,1,0,Finance,1,1,Finance,1,2,Finance,1,3
6005504,,,,,,,,,,,,,,,
4507736,,,,,,,,,,,,,,,
2699507,,,,,,,,,,,,,,,
4772989,,,,,,,,,,,,,,,
4718791,,,,,,,,,,,,,,,
6749189,,,,,,,,,,,,,,,
5941304,,,,,,,,,,,,,,,
4799512,,,,,,,,,,,,,,,
4023462,,,,,,,,,,,,,,,
6316201,,,,,,,,,,,,,,,
6380191,,,,,,,,,,,,,,,
2780920,,,,,,,,,,,,,,,
95548,,,,,,,,,,,,,,,
6443229,,,,,,,,,,,,,,,
86997,,,,,,,,,,,,,,,
4962142,,,,,,,,,,,,,,,
4017372,,,,,,,,,,,,,,,
6545405,,,,,,,,,,,,,,,
5264370,,,,,,,,,,,,,,,
6737108,,,,,,,,,,,,,,,
4262759,,,,,,,,,,,,,,,
3936326,,,,,,,,,,,,,,,
5178164,,,,,,,,,,,,,,,
6689836,,,,,,,,,,,,,,,
2821494,,,,,,,,,,,,,,,
6538565,,,,,,,,,,,,,,,
6665579,,,,,,,,,,,,,,,
6583495,,,,,,,,,,,,,,,
6358013,,,,,,,,,,,,,,,
3476805,,,,,,,,,,,,,,,
3608165,,,,,,,,,,,,,,,
108390,,,,,,,,,,,,,,,
65880,,,,,,,,,,,,,,,
797989,,,,,,,,,,,,,,,
3979145,,,,,,,,,,,,,,,
4253149,,,,,,,,,,,,,,,
3226811,,,,,,,,,,,,,,,
5367666,,,,,,,,,,,,,,,
6813293,,,,,,,,,,,,,,,
3948856,,,,,,,,,,,,,,,
4338843,,,,,,,,,,,,,,,
2838962,,,,,,,,,,,,,,,
5264751,,,,,,,,,,,,,,,
83918,,,,,,,,,,,,,,,
3565973,,,,,,,,,,,,,,,
4325746,,,,,,,,,,,,,,,
4543920,,,,,,,,,,,,,,,
2572989,,,,,,,,,,,,,,,
3372256,,,,,,,,,,,,,,,
3503698,,,,,,,,,,,,,,,
6632682,,,,,,,,,,,,,,,
6435626,,,,,,,,,,,,,,,
72076,,,,,,,,,,,,,,,
2642845,,,,,,,,,,,,,,,
3650435,,,,,,,,,,,,,,,
3835693,,,,,,,,,,,,,,,
6554242,,,,,,,,,,,,,,,
2442077,,,,,,,,,,,,,,,
6620828,,,,,,,,,,,,,,,
4178338,,,,,,,,,,,,,,,
1476177,,,,,,,,,,,,,,,
6633992,,,,,,,,,,,,,,,
94070,,,,,,,,,,,,,,,
4673929,,,,,,,,,,,,,,,
2699629,,,,,,,,,,,,,,,
106906,,,,,,,,,,,,,,,
6512165,,,,,,,,,,,,,,,
2816868,,,,,,,,,,,,,,,
99223,,,,,,,,,,,,,,,
46423,,,,,,,,,,,,,,,
6443225,,,,,,,,,,,,,,,
3998227,,,,,,,,,,,,,,,
3835449,,,,,,,,,,,,,,,
6020604,,,,,,,,,,,,,,,
3835433,,,,,,,,,,,,,,,
4593876,,,,,,,,,,,,,,,
4845296,,,,,,,,,,,,,,,
1064718,,,,,,,,,,,,,,,
6272433,,,,,,,,,,,,,,,
4071746,,,,,,,,,,,,,,,
79649,,,,,,,,,,,,,,,
6341218,,,,,,,,,,,,,,,
3937450,,,,,,,,,,,,,,,
6300128,,,,,,,,,,,,,,,
4860782,,,,,,,,,,,,,,,
6357884,,,,,,,,,,,,,,,
4610128,,,,,,,,,,,,,,,
4279844,,,,,,,,,,,,,,,
3854091,,,,,,,,,,,,,,,
146400,,,,,,,,,,,,,,,
3153095,,,,,,,,,,,,,,,
4948773,,,,,,,,,,,,,,,
87018,,,,Finance,0,0,Finance,0,1,Finance,0,2,Finance,0,3
4859012,,,,,,,,,,,,,,,
4889461,,,,,,,,,,,,,,,
87196,,,,,,,,,,,,,,,
2595184,,,,,,,,,,,,,,,
554755,,,,,,,,,,,,,,,
4019301,,,,,,,,,,,,,,,
2657833,,,,,,,,,,,,,,,
4341151,,,,,,,,,,,,,,,
3981473,,,,,,,,,,,,,,,
102343,,,,,,,,,,,,,,,
43236,,,,,,,,,,,,,,,
2576504,,,,,,,,,,,,,,,
3893334,,,,,,,,,,,,,,,
2814183,,,,,,,,,,,,,,,
107298,,,,,,,Technology and Manufacturing,3,0,Technology and Manufacturing,3,1,Technology and Manufacturing,3,2
4680316,,,,,,,,,,,,,,,
3995013,,,,,,,,,,,,,,,
3628719,,,,,,,,,,,,,,,
146470,,,,,,,,,,,,,,,
89518,,,,,,,,,,,,,,,
3977680,,,,,,,,,,,,,,,
316086,,,,,,,,,,,,,,,
5874893,,,,,,,,,,,,,,,
98423,,,,,,,,,,,,,,,
3692298,,,,,,,,,,,,,,,
87999,,,,Information Technology (IT),1,0,Information Technology (IT),1,1,Information Technology (IT),1,2,Information Technology (IT),1,3
4610402,,,,,,,,,,,,,,,
4136239,,,,,,,,,,,,,,,
4412594,,,,,,,,,,,,,,,
5335335,,,,,,,,,,,,,,,
663538,,,,,,,,,,,,,,,
98729,,,,,,,,,,,,,,,
4962045,,,,,,,,,,,,,,,
5819224,,,,,,,,,,,,,,,
4719905,,,,,,,,,,,,,,,
60905,,,,,,,,,,,,,,,
3541854,,,,,,,,,,,,,,,
3340391,,,,,,,,,,,,,,,
3424415,,,,,,,,,,,,,,,
98726,,,,,,,,,,,,,,,
79985,,,,,,,,,,,,,,,
43484,,,,,,,,,,,,,Information Technology (IT),0,0
39750,,,,,,,,,,,,,,,
4824090,,,,,,,,,,,,,,,
99149,,,,,,,,,,,,,,,
3736555,,,,,,,,,,,,,,,
3907540,,,,,,,,,,,,,,,
2572551,,,,,,,,,,,,,,,
4130736,,,,,,,,,,,,,,,
4242340,,,,,,,,,,,,,,,
4768305,,,,,,,,,,,,,,,
4780536,,,,,,,,,,,,,,,
2692418,,,,,,,,,,,,,,,
453551,,,,,,,,,,,,,,,
4177390,,,,,,,,,,,,,,,
485220,,,,,,,,,,,,,Human Resources,3,0
4208091,,,,,,,,,,,,,,,
111992,,,,,,,,,,,,,,,
5380825,,,,,,,,,,,,,,,
101085,,,,,,,,,,,,,,,
3717968,,,,,,,,,,,,,,,
5062375,,,,,,,,,,,,,,,
3870648,,,,,,,,,,,,,,,
3549802,,,,,,,,,,,,,,,
41237,,,,,,,,,,,,,,,
80502,,,,,,,,,,,,,,,
85515,,,,,,,,,,,,,,,
4162864,,,,,,,,,,,,,,,
5130266,,,,,,,,,,,,,,,
2599451,,,,,,,,,,,,,,,
83713,,,,,,,,,,,,,,,
86653,,,,,,,,,,,,,,,
625147,,,,,,,,,,,,,,,
95233,,,,,,,,,,,,,,,
109854,,,,,,,,,,,,,,,
96051,,,,,,,,,,,,,,,
3783060,,,,,,,,,,,,,,,
88029,,,,,,,,,,,,,,,
96067,,,,,,,,,,,,,,,
5126209,,,,,,,,,,,,,,,
5260775,,,,,,,,,,,,,,,
350696,,,,,,,,,,,,,,,
4684133,,,,,,,,,,,,,,,
5052767,,,,,,,,,,,,,,,
4082140,,,,,,,,,,,,,,,
5130264,,,,,,,,,,,,,,,
5130417,,,,,,,,,,,,,,,
2682754,,,,,,,,,,,,,,,
4433348,,,,,,,,,,,,,,,
4344014,,,,,,,,,,,,,,,
107156,,,,,,,,,,,,,,,
5079779,,,,,,,,,,,,,,,
2659803,,,,,,,,,,,,,,,
107128,,,,,,,,,,,,,,,
390917,,,,,,,Information Technology (IT),0,0,Information Technology (IT),0,1,Information Technology (IT),0,2
5127707,,,,,,,,,,,,,,,
3966953,,,,,,,,,,,,,,,
308232,Finance,0,0,Finance,0,1,Finance,0,2,Finance,0,3,Finance,0,4
3522849,,,,,,,,,,,,,,,
3780558,,,,,,,,,,,,,,,
3469901,,,,,,,,,,,,,,,
3947073,,,,,,,,,,,,,,,
4553481,,,,,,,,,,,,,,,
3555072,,,,,,,,,,,,,,,
4696824,,,,,,,,,,,,,,,
4698081,,,,,,,,,,,,,,,
4584943,,,,,,,,,,,,,,,
3627439,,,,,,,,,,,,,,,
4325575,,,,,,,,,,,,,,,
4577762,,,,,,,,,,,,,,,
310462,,,,,,,,,,,,,,,
4673701,,,,,,,,,,,,,,,
2688067,,,,,,,,,,,,,,,
4577783,,,,,,,,,,,,,,,
3781357,,,,,,,,,,,,,,,
4370216,,,,,,,,,,,,,,,
2692406,,,,,,,,,,,,,,,
4578425,,,,,,,,,,,,,,,
3971035,,,,,,,,,,,,,,,
76230,,,,,,,,,,,,,Finance,0,0
5008962,,,,,,,,,,,,,,,
3773994,,,,,,,,,,,,,,,
4629706,,,,,,,,,,,,,,,
105775,,,,,,,,,,,,,,,
4294268,,,,,,,,,,,,,,,
111274,,,,,,,,,,,,,,,
85611,,,,,,,,,,,,,,,
40334,,,,,,,,,,,,,,,
4960942,,,,,,,,,,,,,,,
4927037,,,,,,,,,,,,,,,
63833,,,,,,,,,,,,,,,
4575071,,,,,,,,,,,,,,,
4883395,,,,,,,,,,,,,,,
3844018,,,,,,,,,,,,,,,
3476909,,,,,,,,,,,,,,,
3737538,,,,,,,,,,,,,,,
4617158,,,,,,,,,,,,,,,
602719,,,,,,,,,,,,,,,
3983448,,,,,,,,,,,,,,,
3561634,,,,,,,,,,,,,,,
74011,,,,,,,,,,,,,,,
2672340,,,,,,,,,,,,,,,
2628347,,,,,,,,,,,,,,,
2783274,,,,,,,,,,,,,,,
4653249,,,,,,,,,,,,,,,
4831364,,,,,,,,,,,,,,,
2737936,,,,,,,,,,,,,,,
168418,,,,,,,,,,,,,,,
2781206,,,,,,,,,,,,,,,
2851108,,,,,,,,,,,,,,,
1428887,,,,,,,,,,,,,,,
333434,Information Technology (IT),3,0,Information Technology (IT),3,1,Information Technology (IT),3,2,Information Technology (IT),3,3,Information Technology (IT),3,4
4008457,,,,,,,,,,,,,,,
4554443,,,,,,,,,,,,,,,
308269,,,,,,,,,,,,,,,
45856,,,,,,,,,,,,,,,
66414,,,,,,,,,,,,,,,
1364397,,,,,,,,,,,,,,,
87010,,,,Technology and Manufacturing,2,0,Technology and Manufacturing,2,1,Technology and Manufacturing,2,2,Technology and Manufacturing,2,3
80865,,,,,,,,,,,,,,,
86064,,,,,,,,,,,,,,,
4834725,,,,,,,,,,,,,,,
41640,,,,,,,,,,,,,,,
79645,,,,,,,,,,,,,,,
3400816,,,,,,,,,,,,,,,
92546,,,,,,,,,,,,,,,
3847843,,,,,,,,,,,,,,,
4738473,,,,,,,,,,,,,,,
4780323,,,,,,,,,,,,,,,
44853,,,,,,,,,,,,,,,
4374584,,,,,,,,,,,,,,,
3541528,,,,,,,,,,,,,,,
3901499,,,,,,,,,,,,,,,
3671261,,,,,,,,,,,,,,,
4538309,,,,,,,,,,,,,,,
3601167,,,,,,,,,,,,,,,
3577576,,,,,,,,,,,,,,,
99241,,,,,,,,,,,,,,,
4458577,,,,,,,,,,,,,,,
3939108,,,,,,,,,,,,,,,
977397,,,,,,,,,,,,,,,
137189,,,,,,,,,,,,,,,
2821400,,,,,,,,,,,,,,,
2927686,,,,,,,,,,,,,,,
395109,,,,,,,Technology and Manufacturing,1,0,Technology and Manufacturing,1,1,Technology and Manufacturing,1,2
600028,,,,,,,,,,,,,,,
3772780,,,,,,,,,,,,,,,
3572308,,,,,,,,,,,,,,,
330538,Information Technology (IT),0,0,Information Technology (IT),0,1,Information Technology (IT),0,2,Information Technology (IT),0,3,Information Technology (IT),0,4
120916,,,,,,,,,,,,,,,
4346205,,,,,,,,,,,,,,,
2638054,,,,,,,,,,,,,,,
3814602,,,,,,,,,,,,,,,
3773176,,,,,,,,,,,,,,,
3842881,,,,,,,,,,,,,,,
4721199,,,,,,,,,,,,,,,
3949317,,,,,,,,,,,,,,,
2276758,,,,,,,,,,,,,,,
4092329,,,,,,,,,,,,,,,
45848,,,,,,,,,,,,,,,
2552597,,,,,,,,,,,,,,,
3938839,,,,,,,,,,,,,,,
4709984,,,,,,,,,,,,,,,
484526,,,,,,,,,,,,,Human Resources,0,0
74397,,,,,,,,,,,,,,,
4706297,,,,,,,,,,,,,,,
44181,,,,,,,,,,,,,,,
3461649,,,,,,,,,,,,,,,
2576971,,,,,,,,,,,,,,,
4110881,,,,,,,,,,,,,,,
3970796,,,,,,,,,,,,,,,
65878,,,,,,,,,,,,,,,
3947631,,,,,,,,,,,,,,,
4375763,,,,,,,,,,,,,,,
4575080,,,,,,,,,,,,,,,
349004,,,,Information Technology (IT),3,0,Information Technology (IT),3,1,Information Technology (IT),3,2,Information Technology (IT),3,3
74391,,,,,,,,,,,,,,,
39545,,,,,,,,,,,,,,,
4283527,,,,,,,,,,,,,,,
3954583,,,,,,,,,,,,,,,
112105,,,,,,,,,,,,,,,
4376276,,,,,,,,,,,,,,,
4387113,,,,,,,,,,,,,,,
2818422,,,,,,,,,,,,,,,
3777849,,,,,,,,,,,,,,,
3841499,,,,,,,,,,,,,,,
3992280,,,,,,,,,,,,,,,
1572478,,,,,,,,,,,,,,,
2651242,,,,,,,,,,,,,,,
94081,,,,,,,,,,,,,,,
1756337,,,,,,,,,,,,,,,
3753864,,,,,,,,,,,,,,,
3607487,,,,,,,,,,,,,,,
3511769,,,,,,,,,,,,,,,
2395697,,,,,,,,,,,,,,,
1557137,,,,,,,,,,,,,,,
45927,,,,,,,,,,,,,,,
4492916,,,,,,,,,,,,,,,
3894940,,,,,,,,,,,,,,,
3845118,,,,,,,,,,,,,,,
3575032,,,,,,,,,,,,,,,
61055,,,,,,,,,,,,,,,
87476,,,,,,,,,,,,,,,
3924634,,,,,,,,,,,,,,,
4548716,,,,,,,,,,,,,,,
44791,,,,,,,,,,,,,,,
3500197,,,,,,,,,,,,,,,
4565630,,,,,,,,,,,,,,,
137591,,,,,,,,,,,,,,,
3519345,,,,,,,,,,,,,,,
3927809,,,,,,,,,,,,,,,
333803,,,,Finance,2,0,Finance,2,1,Finance,2,2,Finance,2,3
3682604,,,,,,,,,,,,,,,
4367646,,,,,,,,,,,,,,,
80484,,,,,,,,,,,,,,,
342377,Finance,0,0,Finance,0,1,Finance,0,2,Finance,0,3,Finance,0,4
111354,,,,Finance,0,0,Finance,0,1,Finance,0,2,Finance,0,3
3507088,,,,,,,,,,,,,,,
92502,,,,,,,,,,,,,,,
2807147,,,,,,,,,,,,,,,
3987132,,,,,,,,,,,,,,,
2842940,,,,,,,,,,,,,,,
101045,,,,,,,,,,,,,,,
4349559,,,,,,,,,,,,,,,
4293588,,,,,,,,,,,,,,,
91167,,,,,,,,,,,,,,,
4327651,,,,,,,,,,,,,,,
66058,,,,,,,,,,,,,,,
108726,,,,,,,,,,,,,,,
76915,,,,,,,,,,,,,,,
3475608,,,,,,,,,,,,,,,
2619041,,,,,,,,,,,,,,,
48223,,,,,,,,,,,,,,,
474420,,,,,,,,,,,,,Information Technology (IT),0,0
3769968,,,,,,,,,,,,,,,
4367437,,,,,,,,,,,,,,,
797856,,,,,,,,,,,,,,,
3716873,,,,,,,,,,,,,,,
4366462,,,,,,,,,,,,,,,
4366494,,,,,,,,,,,,,,,
4343040,,,,,,,,,,,,,,,
4231401,,,,,,,,,,,,,,,
4191679,,,,,,,,,,,,,,,
4049357,,,,,,,,,,,,,,,
142568,,,,,,,,,,,,,,,
399956,,,,Information Technology (IT),3,0,Information Technology (IT),3,1,Information Technology (IT),3,2,Information Technology (IT),3,3
3718892,,,,,,,,,,,,,,,
631647,,,,,,,,,,,,,,,
2675796,,,,,,,,,,,,,,,
4273897,,,,,,,,,,,,,,,
2699515,,,,,,,,,,,,,,,
48210,,,,,,,,,,,,,,,
3955056,,,,,,,,,,,,,,,
45024,,,,,,,,,,,,,,,
86779,,,,,,,,,,,,,,,
4249102,,,,,,,,,,,,,,,
496392,,,,,,,,,,,,,Finance,1,0
2704725,,,,,,,,,,,,,,,
3768978,,,,,,,,,,,,,,,
3940264,,,,,,,,,,,,,,,
3828067,,,,,,,,,,,,,,,
75180,,,,,,,,,,,,,,,
2577450,,,,,,,,,,,,,,,
3949492,,,,,,,,,,,,,,,
4215606,,,,,,,,,,,,,,,
4219941,,,,,,,,,,,,,,,
4081773,,,,,,,,,,,,,,,
4236796,,,,,,,,,,,,,,,
4219769,,,,,,,,,,,,,,,
4196494,,,,,,,,,,,,,,,
110859,,,,,,,,,,,,,,,
2806444,,,,,,,,,,,,,,,
4186904,,,,,,,,,,,,,,,
3796912,,,,,,,,,,,,,,,
4178439,,,,,,,,,,,,,,,
93906,,,,,,,,,,,,,,,
65879,,,,,,,,,,,,,,,
3938685,,,,,,,,,,,,,,,
4182370,,,,,,,,,,,,,,,
3946982,,,,,,,,,,,,,,,
73022,,,,,,,,,,,,,,,
4137137,,,,,,,,,,,,,,,
2711954,,,,,,,,,,,,,,,
2645102,,,,,,,,,,,,,,,
4108576,,,,,,,,,,,,,,,
4104950,,,,,,,,,,,,,,,
38842,,,,,,,,,,,,,,,
916319,,,,,,,,,,,,,,,
3992324,,,,,,,,,,,,,,,
103138,,,,,,,,,,,,,,,
337617,,,,,,,,,,,,,,,
87889,,,,,,,,,,,,,,,
43969,,,,,,,,,,,,,,,
4050217,,,,,,,,,,,,,,,
37822,,,,,,,,,,,,,,,
477112,,,,,,,,,,,,,,,
87447,,,,,,,,,,,,,,,
4049301,,,,,,,,,,,,,,,
86230,,,,,,,,,,,,,,,
73096,,,,,,,,,,,,,,,
90043,,,,,,,,,,,,,,,
3954017,,,,,,,,,,,,,,,
76209,,,,,,,,,,,,,,,
80527,,,,,,,,,,,,,,,
87299,,,,,,,,,,,,,,,
4007346,,,,,,,,,,,,,,,
3835454,,,,,,,,,,,,,,,
3835451,,,,,,,,,,,,,,,
82510,,,,,,,,,,,,,,,
3705999,,,,,,,,,,,,,,,
114673,,,,,,,,,,,,,,,
2693465,,,,,,,,,,,,,,,
85649,,,,,,,,,,,,,,,
100407,,,,,,,,,,,,,,,
3665902,,,,,,,,,,,,,,,
2699516,,,,,,,,,,,,,,,
3587486,,,,,,,,,,,,,,,
3956000,,,,,,,,,,,,,,,
2637069,,,,,,,,,,,,,,,
92547,,,,,,,,,,,,,,,
86761,,,,,,,,,,,,,,,
3847640,,,,,,,,,,,,,,,
3848626,,,,,,,,,,,,,,,
2853096,,,,,,,,,,,,,,,
81362,,,,,,,,,,,,,,,
3915514,,,,,,,,,,,,,,,
3856190,,,,,,,,,,,,,,,
2955916,,,,,,,,,,,,,,,
3342871,,,,,,,,,,,,,,,
3584038,,,,,,,,,,,,,,,
3956012,,,,,,,,,,,,,,,
3704871,,,,,,,,,,,,,,,
2645669,,,,,,,,,,,,,,,
3846980,,,,,,,,,,,,,,,
3855848,,,,,,,,,,,,,,,
3846979,,,,,,,,,,,,,,,
3847623,,,,,,,,,,,,,,,
319183,,,,,,,,,,,,,,,
2839158,,,,,,,,,,,,,,,
3733557,,,,,,,,,,,,,,,
3458938,,,,,,,,,,,,,,,
39761,,,,,,,,,,,,,,,
70004,,,,,,,,,,,,,,,
3804698,,,,,,,,,,,,,,,
112065,,,,,,,,,,,,,,,
97771,,,,,,,,,,,,,,,
78172,,,,,,,,,,,,,,,
3821300,,,,,,,,,,,,,,,
197130,,,,,,,,,,,,,,,
3842429,,,,,,,,,,,,,,,
78292,,,,,,,,,,,,,,,
76597,,,,,,,,,,,,,,,
3612775,,,,,,,,,,,,,,,
46557,,,,,,,,,,,,,,,
2630235,,,,,,,,,,,,,,,
2483797,,,,,,,,,,,,,,,
293537,,,,,,,,,,,,,,,
384254,,,,Information Technology (IT),2,0,Information Technology (IT),2,1,Information Technology (IT),2,2,Information Technology (IT),2,3
3588846,,,,,,,,,,,,,,,
3828761,,,,,,,,,,,,,,,
2660707,,,,,,,,,,,,,,,
48106,,,,,,,,,,,,,,,
3627566,,,,,,,,,,,,,,,
50794,,,,,,,,,,,,,,,
217301,,,,,,,,,,,,,,,
3823134,,,,,,,,,,,,,,,
3645083,,,,,,,,,,,,,,,
107292,,,,,,,,,,,,,Technology and Manufacturing,3,0
3864145,,,,,,,,,,,,,,,
36423,,,,,,,,,,,,,,,
42698,,,,,,,,,,,,,,,
170970,,,,,,,,,,,,,,,
3710181,,,,,,,,,,,,,,,
105910,,,,,,,,,,,,,,,
3773780,,,,,,,,,,,,,,,
73113,,,,,,,,,,,,,,,
3803729,,,,,,,,,,,,,,,
3803610,,,,,,,,,,,,,,,
3789968,,,,,,,,,,,,,,,
579160,,,,,,,,,,,,,,,
3772986,,,,,,,,,,,,,,,
105597,,,,,,,,,,,,,,,
81363,,,,,,,,,,,,,,,
44779,,,,,,,,,,,,,,,
2233877,,,,,,,,,,,,,,,
2600306,,,,,,,,,,,,,,,
46869,,,,,,,,,,,,,,,
3457235,,,,,,,,,,,,,,,
99255,,,,,,,,,,,,,,,
329749,Information Technology (IT),3,0,Information Technology (IT),3,1,Information Technology (IT),3,2,Information Technology (IT),3,3,Information Technology (IT),3,4
95986,,,,,,,,,,,,,,,
3684255,,,,,,,,,,,,,,,
3286793,,,,,,,,,,,,,,,
101680,,,,,,,,,,,,,,,
64157,,,,,,,Digital Enterprise,0,0,Digital Enterprise,0,1,Digital Enterprise,0,2
172830,,,,,,,,,,,,,,,
34120,,,,,,,,,,,,,,,
3708523,,,,,,,,,,,,,,,
3717063,,,,,,,,,,,,,,,
3721885,,,,,,,,,,,,,,,
76272,,,,,,,,,,,,,,,
75458,,,,,,,,,,,,,,,
80876,,,,,,,,,,,,,,,
3472619,,,,,,,,,,,,,,,
3630485,,,,,,,,,,,,,,,
3560150,,,,,,,,,,,,,,,
3561463,,,,,,,,,,,,,,,
669397,,,,,,,,,,,,,,,
46496,,,,,,,,,,,,,,,
3656385,,,,,,,,,,,,,,,
3645108,,,,,,,,,,,,,,,
3608097,,,,,,,,,,,,,,,
3602730,,,,,,,,,,,,,,,
3693801,,,,,,,,,,,,,,,
658782,,,,,,,,,,,,,,,
2393497,,,,,,,,,,,,,,,
3509718,,,,,,,,,,,,,,,
491006,,,,,,,,,,,,,,,
97430,,,,,,,,,,,,,,,
2607968,,,,,,,,,,,,,,,
2645210,,,,,,,,,,,,,,,
2691539,,,,,,,,,,,,,,,
632140,,,,,,,,,,,,,,,
3367915,,,,,,,,,,,,,,,
606787,,,,,,,,,,,,,,,
88160,,,,,,,,,,,,,,,
3560149,,,,,,,,,,,,,,,
2843298,,,,,,,,,,,,,,,
2839098,,,,,,,,,,,,,,,
2799414,,,,,,,,,,,,,,,
98883,,,,,,,,,,,,,Mobility,2,0
2620024,,,,,,,,,,,,,,,
44715,,,,,,,,,,,,,,,
65883,,,,,,,,,,,,,,,
28553,,,,,,,,,,,,,,,
77328,,,,,,,,,,,,,,,
69713,,,,,,,,,,,,,,,
234371,,,,,,,,,,,,,,,
3480417,,,,,,,,,,,,,,,
38004,,,,,,,,,,,,,,,
3477904,,,,,,,,,,,,,,,
798010,,,,,,,,,,,,,,,
3441775,,,,,,,,,,,,,,,
2729030,,,,,,,,,,,,,,,
2844900,,,,,,,,,,,,,,,
107349,,,,,,,,,,,,,,,
103329,,,,,,,,,,,,,,,
47993,,,,,,,,,,,,,,,
77754,,,,,,,,,,,,,,,
3482578,,,,,,,,,,,,,,,
92308,,,,,,,,,,,,,,,
2737928,,,,,,,,,,,,,,,
802971,,,,,,,,,,,,,,,
2601267,,,,,,,,,,,,,,,
77635,,,,,,,,,,,,,,,
476259,,,,,,,,,,,,,,,
98993,,,,,,,,,,,,,,,
1186957,,,,,,,,,,,,,,,
620139,,,,,,,,,,,,,,,
66674,,,,,,,,,,,,,,,
3348695,,,,,,,,,,,,,,,
86908,,,,,,,,,,,,,,,
93944,,,,,,,,,,,,,,,
172232,,,,,,,,,,,,,,,
343067,Information Technology (IT),0,0,Information Technology (IT),0,1,Information Technology (IT),0,2,Information Technology (IT),0,3,Information Technology (IT),0,4
107225,,,,,,,,,,,,,,,
99965,,,,,,,,,,,,,,,
85869,,,,,,,,,,,,,,,
85864,,,,,,,,,,,,,,,
466333,,,,,,,,,,Technology and Manufacturing,0,0,Technology and Manufacturing,0,1
90041,,,,,,,,,,,,,,,
42787,,,,,,,,,,,,,,,
84549,,,,,,,,,,,,,,,
621758,,,,,,,,,,,,,,,
98346,,,,,,,,,,,,,,,
96228,,,,,,,,,,,,,,,
100268,,,,,,,,,,,,,,,
75217,,,,,,,,,,,,,,,
33297,,,,,,,,,,,,,,,
2666991,,,,,,,,,,,,,,,
2666682,,,,,,,,,,,,,,,
2664194,,,,,,,,,,,,,,,
2901938,,,,,,,,,,,,,,,
109963,,,,,,,,,,,,,,,
105986,,,,,,,,,,,,,,,
54183,,,,,,,,,,,,,,,
2729134,,,,,,,,,,,,,,,
1107357,,,,,,,,,,,,,,,
2907336,,,,,,,,,,,,,,,
2595965,,,,,,,,,,,,,,,
2870336,,,,,,,,,,,,,,,
468610,,,,,,,,,,,,,,,
2867809,,,,,,,,,,,,,,,
2604760,,,,,,,,,,,,,,,
112152,,,,,,,,,,,,,,,
74495,,,,,,,,,,,,,,,
2830368,,,,,,,,,,,,,,,
2841339,,,,,,,,,,,,,,,
106824,,,,,,,,,,,,,,,
39673,,,,,,,,,,,,,,,
2836050,,,,,,,,,,,,,,,
2800931,,,,,,,,,,,,,,,
98002,,,,,,,,,,,,,,,
43893,,,,,,,,,,,,,,,
2774620,,,,,,,,,,,,,,,
43804,,,,,,,,,,,,,,,
39486,,,,,,,,,,,,,,,
64492,,,,,,,,,,,,,,,
44720,,,,,,,,,,,,,,,
1403217,,,,,,,,,,,,,,,
44774,,,,,,,,,,,,,,,
2781018,,,,,,,,,,,,,,,
48086,,,,,,,,,,,,,,,
44757,,,,,,,,,,,,,,,
43910,,,,,,,,,,,,,,,
69397,,,,,,,,,,,,,,,
75222,,,,,,,,,,,,,,,
45952,,,,,,,,,,,,,,,
106890,,,,,,,,,,,,,,,
46532,,,,,,,,,,,,,,,
46494,,,,,,,,,,,,,,,
65199,,,,,,,,,,,,,,,
689337,,,,,,,,,,,,,,,
2743254,,,,,,,,,,,,,,,
46486,,,,,,,,,,,,,,,
2230957,,,,,,,,,,,,,,,
44493,,,,,,,,,,,,,,,
43891,,,,,,,,,,,,,,,
88078,,,,,,,,,,,,,,,
2275097,,,,,,,,,,,,,,,
2750156,,,,,,,,,,,,,,,
85671,,,,,,,,,,,,,,,
2234738,,,,,,,,,,,,,,,
2739371,,,,,,,,,,,,,,,
41180,,,,,,,,,,,,,,,
41276,,,,,,,,,,,,,,,
2598814,,,,,,,,,,,,,,,
2738061,,,,,,,,,,,,,,,
2570451,,,,,,,,,,,,,,,
2726110,,,,,,,,,,,,,,,
988958,,,,,,,,,,,,,,,
94229,,,,,,,,,,,,,,,
2613008,,,,,,,,,,,,,,,
214119,,,,,,,,,,,,,,,
1911549,,,,,,,,,,,,,,,
1442637,,,,,,,,,,,,,,,
2721964,,,,,,,,,,,,,,,
2722138,,,,,,,,,,,,,,,
2598635,,,,,,,,,,,,,,,
2682200,,,,,,,,,,,,,,,
106966,,,,,,,,,,,,,,,
2723171,,,,,,,,,,,,,,,
90905,,,,,,,,,,,,,,,
2659320,,,,,,,,,,,,,,,
78319,,,,,,,,,,Human Resources,0,0,Human Resources,0,1
2020517,,,,,,,,,,,,,,,
301275,Information Technology (IT),0,0,Information Technology (IT),0,1,Information Technology (IT),0,2,Information Technology (IT),0,3,Information Technology (IT),0,4
132691,,,,,,,,,,,,,,,
2661138,,,,,,,,,,,,,,,
73700,,,,,,,,,,,,,,,
492117,,,,,,,,,,,,,,,
654477,,,,,,,,,,,,,,,
2656921,,,,,,,,,,,,,,,
84568,,,,,,,,,,,,,,,
2633467,,,,,,,,,,,,,,,
85217,,,,,,,,,,,,,,,
1024657,,,,,,,,,,,,,,,
64420,,,,,,,,,,,,,,,
2495077,,,,,,,,,,,,,,,
105655,,,,,,,,,,,,,,,
43480,,,,,,,,,,,,,,,
2668930,,,,,,,,,,,,,,,
92691,,,,,,,,,,,,,,,
39507,,,,,,,,,,,,,,,
43876,,,,,,,,,,,,,,,
52925,,,,,,,,,,,,,,,
2648179,,,,,,,,,,,,,,,
29883,,,,,,,,,,,,,,,
89519,,,,,,,,,,,,,,,
56580,,,,,,,,,,,,,,,
2638075,,,,,,,,,,,,,,,
98558,,,,,,,,,,,,,,,
2619898,,,,,,,,,,,,,,,
51445,,,,,,,,,,,,,,,
108398,,,,,,,,,,,,,,,
2585045,,,,,,,,,,,,,,,
84502,,,,,,,,,,,,,,,
1939041,,,,,,,,,,,,,,,
79585,,,,,,,,,,,,,,,
89262,,,,,,,,,,,,,,,
1311997,,,,,,,,,,,,,,,
83943,,,,,,,,,,,,,,,
64421,,,,,,,,,,,,,,,
46984,,,,,,,,,,,,,,,
85174,,,,,,,,,,,,,,,
93851,,,,Finance,3,0,Finance,3,1,Finance,3,2,Finance,3,3
130983,,,,,,,,,,,,,,,
68659,,,,,,,,,,,,,,,
106382,,,,,,,,,,,,,,,
39913,,,,,,,,,,,,,,,
43520,,,,,,,,,,,,,,,
384247,,,,Information Technology (IT),3,0,Information Technology (IT),3,1,Information Technology (IT),3,2,Information Technology (IT),3,3
2406617,,,,,,,,,,,,,,,
318236,,,,,,,,,,,,,,,
2460118,,,,,,,,,,,,,,,
81858,,,,,,,,,,,,,,,
39561,,,,,,,,,,,,,,,
87691,,,,,,,,,,,,,,,
2220737,,,,,,,,,,,,,,,
2286037,,,,,,,,,,,,,,,
400270,,,,,,,,,,Technology and Manufacturing,0,0,Technology and Manufacturing,0,1
127050,,,,,,,,,,,,,,,
110106,,,,,,,,,,,,,,,
6397300,,,,,,,,,,,,,,,
47041,,,,,,,,,,,,,,,
64311,,,,,,,,,,,,,,,
4586426,,,,,,,,,,,,,,,
83430,,,,,,,,,,,,,,,
1919497,,,,,,,,,,,,,,,
338422,,,,,,,,,,,,,,,
84440,,,,,,,,,,,,,,,
106891,,,,,,,,,,,,,,,
48138,,,,,,,,,,,,,,,
504442,,,,,,,,,,,,,,,
94382,,,,,,,,,,,,,,,
6414427,,,,,,,,,,,,,,,
354502,,,,,,,,,,,,,,,
45226,,,,,,,,,,,,,,,
46060,,,,,,,,,,,,,,,
93852,,,,Finance,1,0,Finance,1,1,Finance,1,2,Finance,1,3
39504,,,,,,,,,,,,,,,
92721,,,,,,,,,,,,,,,
83227,,,,,,,,,,,,,,,
109215,,,,,,,,,,,,,,,
83214,,,,,,,,,,,,,,,
42569,,,,,,,,,,,,,,,
79782,,,,,,,,,,,,,,,
661037,,,,,,,,,,,,,,,
92702,,,,,,,,,,,,,,,
92538,,,,,,,,,,,,,,,
107145,,,,,,,,,,,,,,,
86525,,,,,,,,,,,,,,,
42124,,,,,,,,,,,,,,,
66138,,,,,,,Technology and Manufacturing,3,0,Technology and Manufacturing,3,1,Technology and Manufacturing,3,2
470239,,,,,,,,,,Technology and Manufacturing,0,0,Technology and Manufacturing,0,1
6460171,,,,,,,,,,,,,,,
6226004,,,,,,,,,,,,,,,
465950,,,,,,,,,,Technology and Manufacturing,0,0,Technology and Manufacturing,0,1
445270,,,,,,,,,,Technology and Manufacturing,2,0,Technology and Manufacturing,2,1
457942,,,,,,,,,,Finance,0,0,Finance,0,1
80480,,,,,,,,,,Mobility,3,0,Mobility,3,1
110195,,,,,,,,,,Mobility,3,0,Mobility,3,1
340988,Finance,0,0,Finance,0,1,Finance,0,2,Finance,0,3,Finance,0,4
6423956,,,,,,,,,,,,,,,
39564,,,,,,,,,,,,,,,
338455,,,,Information Technology (IT),0,0,Information Technology (IT),0,1,Information Technology (IT),0,2,Information Technology (IT),0,3
333773,,,,Finance,0,0,Finance,0,1,Finance,0,2,Finance,0,3
43106,,,,,,,Sales and Marketing,0,0,Sales and Marketing,0,1,Sales and Marketing,0,2
44753,,,,,,,,,,,,,,,
38770,,,,,,,,,,,,,,,
382263,,,,Information Technology (IT),0,0,Information Technology (IT),0,1,Information Technology (IT),0,2,Information Technology (IT),0,3
798028,,,,,,,,,,,,,,,
103332,,,,,,,,,,,,,,,
83447,,,,Information Technology (IT),0,0,Information Technology (IT),0,1,Information Technology (IT),0,2,Information Technology (IT),0,3
314845,Information Technology (IT),0,0,Information Technology (IT),0,1,Information Technology (IT),0,2,Information Technology (IT),0,3,Information Technology (IT),0,4
342079,Information Technology (IT),0,0,Information Technology (IT),0,1,Information Technology (IT),0,2,Information Technology (IT),0,3,Information Technology (IT),0,4
96215,,,,Technology and Manufacturing,0,0,Technology and Manufacturing,0,1,Technology and Manufacturing,0,2,Technology and Manufacturing,0,3
47766,,,,,,,Technology and Manufacturing,0,0,Technology and Manufacturing,0,1,Technology and Manufacturing,0,2
6380118,,,,,,,,,,,,,,,
6346302,,,,,,,,,,,,,,,
124603,,,,Information Technology (IT),0,0,Information Technology (IT),0,1,Information Technology (IT),0,2,Information Technology (IT),0,3
110805,,,,,,,Technology and Manufacturing,4,0,Technology and Manufacturing,4,1,Technology and Manufacturing,4,2
112180,,,,Technology and Manufacturing,1,0,Technology and Manufacturing,1,1,Technology and Manufacturing,1,2,Technology and Manufacturing,1,3
6373605,,,,,,,,,,,,,,,
4080135,,,,,,,,,,,,,,,
6373429,,,,,,,,,,,,,,,
2756648,,,,,,,,,,,,,,,
7286886,,,,,,,,,,,,,,,
2658696,,,,,,,,,,,,,,,
46771,,,,,,,,,,,,,,,
7240354,,,,,,,,,,,,,,,
7279105,,,,,,,,,,,,,,,
2814114,,,,,,,,,,,,,,,
3883247,,,,,,,,,,,,,,,
7159086,,,,,,,,,,,,,,,
3804352,,,,,,,,,,,,,,,
6738375,,,,,,,,,,,,,,,
6978927,,,,,,,,,,,,,,,
7045782,,,,,,,,,,,,,,,
1913798,,,,,,,,,,,,,,,
92540,,,,,,,,,,,,,,,
4035046,,,,,,,,,,,,,,,
338463,,,,,,,,,,,,,Finance,3,0
6918211,,,,,,,,,,,,,,,
88000,,,,,,,,,,,,,,,
4921968,,,,,,,,,,,,,,,
5945344,,,,,,,,,,,,,,,
40027,,,,,,,,,,,,,,,
4891995,,,,,,,,,,,,,,,
95930,,,,,,,,,,,,,,,
2276177,,,,,,,,,,,,,,,
63505,,,,,,,,,,,,,,,
4641714,,,,,,,,,,,,,,,
80991,,,,,,,,,,,,,,,
43988,,,,,,,,,,,,,,,
112354,,,,,,,,,,,,,,,
99351,,,,,,,,,,,,,,,
3978990,,,,,,,,,,,,,,,
6640773,,,,,,,,,,,,,,,
2699497,,,,,,,,,,,,,,,
5776344,,,,,,,,,,,,,,,
100934,,,,,,,,,,,,,,,
77964,,,,,,,,,,,,,,,
111963,,,,,,,,,,,,,,,
6769291,,,,,,,,,,,,,,,
5237962,,,,,,,,,,,,,,,
99821,,,,,,,,,,,,,,,
3903590,,,,,,,,,,,,,,,
3736571,,,,,,,,,,,,,,,
6626969,,,,,,,,,,,,,,,
5435646,,,,,,,,,,,,,,,
5419844,,,,,,,,,,,,,,,
6443227,,,,,,,,,,,,,,,
108505,,,,,,,,,,,,,,,
6646475,,,,,,,,,,,,,,,
4957097,,,,,,,,,,,,,,,
2828870,,,,,,,,,,,,,,,
100652,,,,,,,,,,,,,,,
6232504,,,,,,,,,,,,,,,
6276040,,,,,,,,,,,,,,,
4681730,,,,,,,,,,,,,,,
2645344,,,,,,,,,,,,,,,
4969132,,,,,,,,,,,,,,,
42355,,,,,,,,,,,,,,,
4925895,,,,,,,,,,,,,,,
3952084,,,,,,,,,,,,,,,
3509722,,,,,,,,,,,,,,,
2687219,,,,,,,,,,,,,,,
4709403,,,,,,,,,,,,,,,
4833220,,,,,,,,,,,,,,,
6275991,,,,,,,,,,,,,,,
3974059,,,,,,,,,,,,,,,
2870529,,,,,,,,,,,,,,,
105891,,,,,,,,,,,,,,,
5335385,,,,,,,,,,,,,,,
480811,,,,,,,,,,,,,Technology and Manufacturing,0,0
84463,,,,,,,,,,,,,,,
3700996,,,,,,,,,,,,,,,
6127167,,,,,,,,,,,,,,,
106848,,,,,,,,,,,,,,,
6128224,,,,,,,,,,,,,,,
40887,,,,,,,,,,,,,,,
3814512,,,,,,,,,,,,,,,
626001,,,,,,,,,,,,,,,
414606,,,,,,,Digital Enterprise,0,0,Digital Enterprise,0,1,Digital Enterprise,0,2
321028,,,,,,,,,,,,,Information Technology (IT),0,0
2710153,,,,,,,,,,,,,,,
6133830,,,,,,,,,,,,,,,
2258398,,,,,,,,,,,,,,,
4237355,,,,,,,,,,,,,,,
84365,,,,,,,,,,,,,,,
109851,,,,,,,,,,,,,,,
4549270,,,,,,,,,,,,,,,
5611444,,,,,,,,,,,,,,,
5432846,,,,,,,,,,,,,,,
5028323,,,,,,,,,,,,,,,
1151797,,,,,,,,,,,,,,,
5398391,,,,,,,,,,,,,,,
5325220,,,,,,,,,,,,,,,
99324,,,,,,,,,,,,,,,
2697174,,,,,,,,,,,,,,,
4418337,,,,,,,,,,,,,,,
5577044,,,,,,,,,,,,,,,
3967270,,,,,,,,,,,,,,,
4704124,,,,,,,,,,,,,,,
3324712,,,,,,,,,,,,,,,
5322813,,,,,,,,,,,,,,,
5325216,,,,,,,,,,,,,,,
2632300,,,,,,,,,,,,,,,
5325228,,,,,,,,,,,,,,,
5106303,,,,,,,,,,,,,,,
4868407,,,,,,,,,,,,,,,
2715780,,,,,,,,,,,,,,,
3737653,,,,,,,,,,,,,,,
102201,,,,,,,,,,,,,,,
4722187,,,,,,,,,,,,,,,
3815234,,,,,,,,,,,,,,,
4785199,,,,,,,,,,,,,,,
2826924,,,,,,,,,,,,,,,
5343949,,,,,,,,,,,,,,,
4988511,,,,,,,,,,,,,,,
4735432,,,,,,,,,,,,,,,
3703443,,,,,,,,,,,,,,,
5274695,,,,,,,,,,,,,,,
99511,,,,,,,,,,,,,,,
5002102,,,,,,,,,,,,,,,
4840509,,,,,,,,,,,,,,,
2810463,,,,,,,,,,,,,,,
850877,,,,,,,,,,,,,,,
5062302,,,,,,,,,,,,,,,
3651679,,,,,,,,,,,,,,,
106867,,,,,,,,,,,,,,,
2699504,,,,,,,,,,,,,,,
3501687,,,,,,,,,,,,,,,
5154824,,,,,,,,,,,,,,,
4004771,,,,,,,,,,,,,,,
45950,,,,,,,,,,,,,,,
48296,,,,,,,,,,,,,,,
4554047,,,,,,,,,,,,,,,
5254136,,,,,,,,,,,,,,,
3332972,,,,,,,,,,,,,,,
5172341,,,,,,,,,,,,,,,
3319992,,,,,,,,,,,,,,,
5155048,,,,,,,,,,,,,,,
5079343,,,,,,,,,,,,,,,
4704115,,,,,,,,,,,,,,,
5070078,,,,,,,,,,,,,,,
4172198,,,,,,,,,,,,,,,
43873,,,,,,,,,,,,,,,
5105801,,,,,,,,,,,,,,,
5011477,,,,,,,,,,,,,,,
5011392,,,,,,,,,,,,,,,
5011387,,,,,,,,,,,,,,,
5010324,,,,,,,,,,,,,,,
5009010,,,,,,,,,,,,,,,
5009033,,,,,,,,,,,,,,,
5010416,,,,,,,,,,,,,,,
5009044,,,,,,,,,,,,,,,
5009004,,,,,,,,,,,,,,,
5011710,,,,,,,,,,,,,,,
5011696,,,,,,,,,,,,,,,
5008993,,,,,,,,,,,,,,,
5011701,,,,,,,,,,,,,,,
4859211,,,,,,,,,,,,,,,
5008935,,,,,,,,,,,,,,,
5011704,,,,,,,,,,,,,,,
5008995,,,,,,,,,,,,,,,
5009007,,,,,,,,,,,,,,,
5011474,,,,,,,,,,,,,,,
5011390,,,,,,,,,,,,,,,
5011695,,,,,,,,,,,,,,,
2823058,,,,,,,,,,,,,,,
345050,,,,,,,,,,,,,,,
5075098,,,,,,,,,,,,,,,
5025010,,,,,,,,,,,,,,,
110376,,,,,,,,,,,,,,,
3777772,,,,,,,,,,,,,,,
5019490,,,,,,,,,,,,,,,
3937459,,,,,,,,,,,,,,,
4577770,,,,,,,,,,,,,,,
4896723,,,,,,,,,,,,,,,
5022368,,,,,,,,,,,,,,,
4838251,,,,,,,,,,,,,,,
5030648,,,,,,,,,,,,,,,
5022200,,,,,,,,,,,,,,,
5022362,,,,,,,,,,,,,,,
5011698,,,,,,,,,,,,,,,
5022203,,,,,,,,,,,,,,,
5022195,,,,,,,,,,,,,,,
5022356,,,,,,,,,,,,,,,
5022197,,,,,,,,,,,,,,,
5022194,,,,,,,,,,,,,,,
5022364,,,,,,,,,,,,,,,
96129,,,,,,,,,,,,,,,
39424,,,,,,,,,,,,,,,
4907875,,,,,,,,,,,,,,,
106995,,,,,,,,,,,,,,,
110194,,,,,,,,,,,,,,,
3608190,,,,,,,,,,,,,,,
630665,,,,,,,,,,,,,,,
3733065,,,,,,,,,,,,,,,
1654738,,,,,,,,,,,,,,,
3784834,,,,,,,,,,,,,,,
3748587,,,,,,,,,,,,,,,
4301128,,,,,,,,,,,,,,,
2483317,,,,,,,,,,,,,,,
3374556,,,,,,,,,,,,,,,
4844933,,,,,,,,,,,,,,,
76228,,,,,,,,,,,,,,,
550220,,,,,,,,,,,,,,,
4202735,,,,,,,,,,,,,,,
4858955,,,,,,,,,,,,,,,
4176071,,,,,,,,,,,,,,,
95942,,,,,,,,,,,,,,,
4127830,,,,,,,,,,,,,,,
100453,,,,,,,,,,,,,,,
2775034,,,,,,,,,,,,,,,
496503,,,,,,,,,,,,,Finance,0,0
4638204,,,,,,,,,,,,,,,
3752711,,,,,,,,,,,,,,,
116483,,,,,,,,,,,,,,,
4787507,,,,,,,,,,,,,,,
4802386,,,,,,,,,,,,,,,
101805,,,,,,,,,,,,,,,
3628795,,,,,,,,,,,,,,,
4808555,,,,,,,,,,,,,,,
2820061,,,,,,,,,,,,,,,
66491,,,,,,,,,,,,,,,
3985108,,,,,,,,,,,,,,,
4709086,,,,,,,,,,,,,,,
82671,,,,,,,,,,,,,,,
3871811,,,,,,,,,,,,,,,
4800063,,,,,,,,,,,,,,,
4805227,,,,,,,,,,,,,,,
3748464,,,,,,,,,,,,,,,
2599909,,,,,,,,,,,,,,,
4791779,,,,,,,,,,,,,,,
4258373,,,,,,,,,,,,,,,
4779546,,,,,,,,,,,,,,,
3910116,,,,,,,,,,,,,,,
4771442,,,,,,,,,,,,,,,
4212887,,,,,,,,,,,,,,,
4744911,,,,,,,,,,,,,,,
2595206,,,,,,,,,,,,,,,
46538,,,,,,,,,,,,,,,
3968229,,,,,,,,,,,,,,,
2801561,,,,,,,,,,,,,,,
168853,,,,,,,,,,,,,,,
2941573,,,,,,,,,,,,,,,
112191,,,,,,,,,,,,,,,
4698113,,,,,,,,,,,,,,,
4257551,,,,,,,,,,,,,,,
3061011,,,,,,,,,,,,,,,
94062,,,,,,,,,,,,,,,
4701086,,,,,,,,,,,,,,,
4580687,,,,,,,,,,,,,,,
101699,,,,,,,,,,,,,,,
4708777,,,,,,,,,,,,,,,
2829110,,,,,,,,,,,,,,,
100418,,,,,,,,,,Technology and Manufacturing,2,0,Technology and Manufacturing,2,1
4360761,,,,,,,,,,,,,,,
90019,,,,Finance,0,0,Finance,0,1,Finance,0,2,Finance,0,3
4452687,,,,,,,,,,,,,,,
3773211,,,,,,,,,,,,,,,
4538258,,,,,,,,,,,,,,,
100383,,,,,,,,,,,,,,,
3957005,,,,,,,,,,,,,,,
4680101,,,,,,,,,,,,,,,
3025515,,,,,,,,,,,,,,,
100126,,,,,,,,,,,,,,,
4673616,,,,,,,,,,,,,,,
3893874,,,,,,,,,,,,,,,
46430,,,,,,,,,,,,,,,
4484102,,,,,,,,,,,,,,,
4623875,,,,,,,,,,,,,,,
73825,,,,,,,,,,,,,,,
2816679,,,,,,,,,,,,,,,
4614099,,,,,,,,,,,,,,,
4579658,,,,,,,,,,,,,,,
4595702,,,,,,,,,,,,,,,
4342958,,,,,,,,,,,,,,,
3849165,,,,,,,,,,,,,,,
4506475,,,,,,,,,,,,,,,
3621295,,,,,,,,,,,,,,,
2859201,,,,,,,,,,,,,,,
71107,,,,,,,,,,,,,,,
108511,,,,,,,,,,,,,,,
4518001,,,,,,,,,,,,,,,
80027,,,,,,,,,,,,,,,
3953117,,,,,,,,,,,,,,,
4368055,,,,,,,,,,,,,,,
4388753,,,,,,,,,,,,,,,
107307,,,,,,,,,,,,,,,
4388752,,,,,,,,,,,,,,,
99519,,,,,,,,,,,,,,,
2666097,,,,,,,,,,,,,,,
1924837,,,,,,,,,,,,,,,
4388800,,,,,,,,,,,,,,,
4388798,,,,,,,,,,,,,,,
4388796,,,,,,,,,,,,,,,
4388775,,,,,,,,,,,,,,,
3988502,,,,,,,,,,,,,,,
2421997,,,,,,,,,,,,,,,
4390635,,,,,,,,,,,,,,,
4387114,,,,,,,,,,,,,,,
101888,,,,,,,,,,,,,,,
100658,,,,,,,,,,,,,,,
4029124,,,,,,,,,,,,,,,
4388795,,,,,,,,,,,,,,,
4388793,,,,,,,,,,,,,,,
4388754,,,,,,,,,,,,,,,
46988,,,,,,,,,,,,,,,
100653,,,,,,,,,,,,,,,
4199032,,,,,,,,,,,,,,,
4367676,,,,,,,,,,,,,,,
73010,,,,,,,,,,,,,,,
4352651,,,,,,,,,,,,,,,
3609668,,,,,,,,,,,,,,,
4283360,,,,,,,,,,,,,,,
79513,,,,,,,,,,,,,,,
311500,,,,,,,,,,,,,,,
3948901,,,,,,,,,,,,,,,
4330722,,,,,,,,,,,,,,,
85334,,,,,,,,,,,,,,,
3749376,,,,,,,,,,,,,,,
3712778,,,,,,,,,,,,,,,
4348419,,,,,,,,,,,,,,,
2762431,,,,,,,,,,,,,,,
4071295,,,,,,,,,,,,,,,
3993299,,,,,,,,,,,,,,,
336869,,,,,,,,,,,,,,,
101331,,,,,,,,,,,,,,,
318162,,,,,,,,,,,,,,,
3939848,,,,,,,,,,,,,,,
2843289,,,,,,,,,,,,,,,
4265838,,,,,,,,,,,,,,,
4235543,,,,,,,,,,,,,,,
58963,,,,,,,,,,,,,,,
171233,,,,,,,,,,,,,,,
4067513,,,,,,,,,,,,,,,
4286978,,,,,,,,,,,,,,,
771277,,,,,,,,,,,,,,,
3655232,,,,,,,,,,,,,,,
46960,,,,,,,,,,,,,,,
107072,,,,,,,,,,,,,,,
101428,,,,,,,,,,,,,,,
4038508,,,,,,,,,,,,,,,
4199087,,,,,,,,,,,,,,,
106974,,,,,,,,,,,,,,,
44846,,,,,,,,,,,,,,,
3790053,,,,,,,,,,,,,,,
94059,,,,,,,,,,,,,,,
78342,,,,,,,,,,,,,,,
500821,,,,,,,,,,,,,,,
454046,,,,,,,,,,,,,,,
4222811,,,,,,,,,,,,,,,
2699561,,,,,,,,,,,,,,,
3872998,,,,,,,,,,,,,,,
4242428,,,,,,,,,,,,,,,
797886,,,,,,,,,,,,,,,
4178850,,,,,,,,,,,,,,,
4109846,,,,,,,,,,,,,,,
2352517,,,,,,,,,,,,,,,
3634275,,,,,,,,,,,,,,,
3672024,,,,,,,,,,,,,,,
615734,,,,,,,,,,,,,,,
3689543,,,,,,,,,,,,,,,
98422,,,,,,,,,,,,,,,
4107233,,,,,,,,,,,,,,,
3962892,,,,,,,,,,,,,,,
4178706,,,,,,,,,,,,,,,
4146119,,,,,,,,,,,,,,,
384245,,,,Information Technology (IT),0,0,Information Technology (IT),0,1,Information Technology (IT),0,2,Information Technology (IT),0,3
81358,,,,,,,,,,,,,,,
3246912,,,,,,,,,,,,,,,
4179008,,,,,,,,,,,,,,,
3940186,,,,,,,,,,,,,,,
1439057,,,,,,,,,,,,,,,
76911,,,,,,,,,,,,,,,
3950295,,,,,,,,,,,,,,,
111866,,,,,,,,,,,,,,,
4008074,,,,,,,,,,,,,,,
105890,,,,,,,,,,,,,,,
44682,,,,,,,,,,,,,,,
3679571,,,,,,,,,,,,,,,
106836,,,,,,,,,,,,,,,
89663,,,,,,,,,,,,,,,
343589,Information Technology (IT),0,0,Information Technology (IT),0,1,Information Technology (IT),0,2,Information Technology (IT),0,3,Information Technology (IT),0,4
83892,,,,,,,,,,,,,,,
75906,,,,,,,,,,,,,,,
47037,,,,,,,,,,,,,,,
59940,,,,,,,,,,,,,,,
95775,,,,,,,,,,,,,,,
4107991,,,,,,,,,,,,,,,
4048604,,,,,,,,,,,,,,,
40191,,,,,,,,,,,,,,,
48013,,,,,,,,,,,,,,,
2653157,,,,,,,,,,,,,,,
48062,,,,,,,,,,,,,,,
2828839,,,,,,,,,,,,,,,
3617278,,,,,,,,,,,,,,,
3628549,,,,,,,,,,,,,,,
47992,,,,,,,,,,,,,,,
3569903,,,,,,,,,,,,,,,
96128,,,,,,,,,,,,,,,
38928,,,,,,,,,,,,,,,
3942440,,,,,,,,,,,,,,,
3956211,,,,,,,,,,,,,,,
3736389,,,,,,,,,,,,,,,
3655660,,,,,,,,,,,,,,,
3708680,,,,,,,,,,,,,,,
2605944,,,,,,,,,,,,,,,
3999651,,,,,,,,,,,,,,,
3736482,,,,,,,,,,,,,,,
4024994,,,,,,,,,,,,,,,
3847614,,,,,,,,,,,,,,,
3848469,,,,,,,,,,,,,,,
3848465,,,,,,,,,,,,,,,
3865128,,,,,,,,,,,,,,,
3669333,,,,,,,,,,,,,,,
3927232,,,,,,,,,,,,,,,
87755,,,,,,,,,,,,,,,
3136711,,,,,,,,,,,,,,,
539484,,,,,,,,,,,,,,,
3763639,,,,,,,,,,,,,,,
3848496,,,,,,,,,,,,,,,
3962061,,,,,,,,,,,,,,,
2829136,,,,,,,,,,,,,,,
2698365,,,,,,,,,,,,,,,
3874943,,,,,,,,,,,,,,,
3933000,,,,,,,,,,,,,,,
3951202,,,,,,,,,,,,,,,
79819,,,,,,,,,,,,,,,
2645128,,,,,,,,,,,,,,,
3655223,,,,,,,,,,,,,,,
2632292,,,,,,,,,,,,,,,
2920957,,,,,,,,,,,,,,,
3952147,,,,,,,,,,,,,,,
2770766,,,,,,,,,,,,,,,
385783,,,,,,,,,,,,,,,
3843324,,,,,,,,,,,,,,,
3835435,,,,,,,,,,,,,,,
3662552,,,,,,,,,,,,,,,
2585998,,,,,,,,,,,,,,,
689637,,,,,,,,,,,,,,,
3577604,,,,,,,,,,,,,,,
3955267,,,,,,,,,,,,,,,
3677378,,,,,,,,,,,,,,,
2951639,,,,,,,,,,,,,,,
3848499,,,,,,,,,,,,,,,
3950269,,,,,,,,,,,,,,,
3923122,,,,,,,,,,,,,,,
3925270,,,,,,,,,,,,,,,
100004,,,,,,,,,,,,,,,
69130,,,,,,,,,,,,,,,
109873,,,,,,,,,,,,,,,
3893875,,,,,,,,,,,,,,,
2788979,,,,,,,,,,,,,,,
3893871,,,,,,,,,,,,,,,
3692502,,,,,,,,,,,,,,,
3848620,,,,,,,,,,,,,,,
337171,,,,Finance,4,0,Finance,4,1,Finance,4,2,Finance,4,3
3846955,,,,,,,,,,,,,,,
95908,,,,,,,,,,,,,,,
3846954,,,,,,,,,,,,,,,
107074,,,,,,,,,,,,,,,
3837441,,,,,,,,,,,,,,,
102356,,,,,,,,,,,,,,,
99780,,,,,,,,,,,,,,,
102277,,,,,,,,,,,,,,,
101749,,,,,,,,,,,,,,,
106817,,,,,,,,,,,,,,,
3846953,,,,,,,,,,,,,,,
3848625,,,,,,,,,,,,,,,
101904,,,,,,,,,,,,,,,
3847607,,,,,,,,,,,,,,,
3847584,,,,,,,,,,,,,,,
3848623,,,,,,,,,,,,,,,
3625150,,,,,,,,,,,,,,,
48097,,,,,,,,,,,,,,,
3827021,,,,,,,,,,,,,,,
3859110,,,,,,,,,,,,,,,
3695397,,,,,,,,,,,,,,,
100662,,,,,,,,,,,,,,,
101891,,,,,,,,,,,,,,,
3714399,,,,,,,,,,,,,,,
3685333,,,,,,,,,,,,,,,
3848624,,,,,,,,,,,,,,,
3778895,,,,,,,,,,,,,,,
496431,,,,,,,,,,,,,Information Technology (IT),1,0
46546,,,,,,,,,,,,,,,
3862737,,,,,,,,,,,,,,,
100843,,,,,,,,,,,,,,,
3924630,,,,,,,,,,,,,,,
106814,,,,,,,,,,,,,,,
3842450,,,,,,,,,,,,,,,
99117,,,,,,,,,,,,,,,
2682114,,,,,,,,,,,,,,,
3864220,,,,,,,,,,,,,,,
99744,,,,,,,,,,,,,,,
1400057,,,,,,,,,,,,,,,
102015,,,,,,,,,,,,,,,
112011,,,,,,,,,,,,,,,
3782028,,,,,,,,,,,,,,,
3867033,,,,,,,,,,,,,,,
3835437,,,,,,,,,,,,,,,
3746209,,,,,,,,,,,,,,,
3040511,,,,,,,,,,,,,,,
3847594,,,,,,,,,,,,,,,
100449,,,,,,,,,,,,,,,
3840323,,,,,,,,,,,,,,,
3847593,,,,,,,,,,,,,,,
3847588,,,,,,,,,,,,,,,
3864224,,,,,,,,,,,,,,,
101747,,,,,,,,,,,,,,,
106825,,,,,,,,,,,,,,,
3860768,,,,,,,,,,,,,,,
97563,,,,,,,,,,,,,,,
3847597,,,,,,,,,,,,,,,
3856198,,,,,,,,,,,,,,,
2040617,,,,,,,,,,,,,,,
3591087,,,,,,,,,,,,,,,
3830444,,,,,,,,,,,,,,,
99661,,,,,,,,,,,,,,,
3854773,,,,,,,,,,,,,,,
99101,,,,,,,,,,,,,,,
3848447,,,,,,,,,,,,,,,
3645416,,,,,,,,,,,,,,,
3848449,,,,,,,,,,,,,,,
47831,,,,,,,,,,,,,,,
3835476,,,,,,,,,,,,,,,
78520,,,,,,,,,,,,,,,
48060,,,,,,,,,,,,,,,
45949,,,,,,,,,,,,,,,
3483738,,,,,,,,,,,,,,,
496525,,,,,,,,,,,,,Finance,0,0
46741,,,,,,,,,,,,,,,
48045,,,,,,,,,,,,,,,
3815790,,,,,,,,,,,,,,,
3446254,,,,,,,,,,,,,,,
45853,,,,,,,,,,,,,,,
3651762,,,,,,,,,,,,,,,
99132,,,,,,,,,,,,,,,
3771873,,,,,,,,,,,,,,,
102097,,,,,,,,,,,,,,,
2319757,,,,,,,,,,,,,,,
3778261,,,,,,,,,,,,,,,
3763487,,,,,,,,,,,,,,,
46742,,,,,,,,,,,,,,,
3622244,,,,,,,,,,,,,,,
78327,,,,,,,,,,,,,,,
210284,,,,,,,,,,,,,,,
3660666,,,,,,,,,,,,,,,
107167,,,,,,,,,,,,,,,
3454165,,,,,,,,,,,,,,,
3747784,,,,,,,,,,,,,,,
3749875,,,,,,,,,,,,,,,
3665948,,,,,,,,,,,,,,,
3475574,,,,,,,,,,,,,,,
3582798,,,,,,,,,,,,,,,
3486694,,,,,,,,,,,,,,,
111805,,,,,,,,,,,,,,,
106837,,,,,,,,,,,,,,,
2651384,,,,,,,,,,,,,,,
2643901,,,,,,,,,,,,,,,
80634,,,,,,,,,,,,,,,
3685369,,,,,,,,,,,,,,,
3607438,,,,,,,,,,,,,,,
2005124,,,,,,,,,,,,,,,
43515,,,,,,,,,,,,,,,
2660776,,,,,,,,,,,,,,,
2829097,,,,,,,,,,,,,,,
92507,,,,Information Technology (IT),3,0,Information Technology (IT),3,1,Information Technology (IT),3,2,Information Technology (IT),3,3
97501,,,,,,,,,,,,,,,
99809,,,,,,,,,,,,,,,
101889,,,,,,,,,,,,,,,
107002,,,,,,,,,,,,,,,
101949,,,,,,,,,,,,,,,
101956,,,,,,,,,,,,,,,
3654289,,,,,,,,,,,,,,,
47093,,,,,,,,,,,,,,,
106849,,,,,,,,,,,,,,,
3669359,,,,,,,,,,,,,,,
102178,,,,,,,,,,,,,,,
44785,,,,,,,,,,,,,,,
2695336,,,,,,,,,,,,,,,
3509738,,,,,,,,,,,,,,,
3295633,,,,,,,,,,,,,,,
2907027,,,,,,,,,,,,,,,
3625194,,,,,,,,,,,,,,,
100135,,,,,,,,,,,,,,,
3563913,,,,,,,,,,,,,,,
3572343,,,,,,,,,,,,,,,
46744,,,,,,,,,,,,,,,
468765,,,,,,,,,,,,,,,
2829197,,,,,,,,,,,,,,,
797920,,,,,,,,,,,,,,,
3509736,,,,,,,,,,,,,,,
2698283,,,,,,,,,,,,,,,
3622397,,,,,,,,,,,,,,,
112042,,,,,,,,,,,,,,,
3408255,,,,,,,,,,,,,,,
795178,,,,,,,,,,,,,,,
98750,,,,,,,,,,,,,,,
3572437,,,,,,,,,,,,,,,
112360,,,,,,,,,,,,,,,
3647839,,,,,,,,,,,,,,,
3567488,,,,,,,,,,,,,,,
3614452,,,,,,,,,,,,,,,
65438,,,,,,,,,,,,,,,
356513,,,,,,,,,,,,,,,
1483837,,,,,,,,,,,,,,,
99348,,,,,,,,,,,,,,,
43949,,,,,,,,,,,,,,,
105771,,,,,,,,,,,,,,,
3320236,,,,,,,,,,,,,,,
2866100,,,,,,,,,,,,,,,
107253,,,,,,,,,,,,,,,
2645048,,,,,,,,,,,,,,,
106894,,,,,,,,,,,,,,,
3574808,,,,,,,,,,,,,,,
798055,,,,,,,,,,,,,,,
3560352,,,,,,,,,,,,,,,
101375,,,,,,,,,,,,,,,
382861,,,,Information Technology (IT),1,0,Information Technology (IT),1,1,Information Technology (IT),1,2,Information Technology (IT),1,3
48232,,,,,,,,,,,,,,,
3561823,,,,,,,,,,,,,,,
43913,,,,,,,,,,,,,,,
302794,,,,,,,,,,,,,,,
3561425,,,,,,,,,,,,,,,
2661002,,,,,,,,,,,,,,,
667357,,,,,,,,,,,,,,,
84473,,,,,,,,,,,,,,,
2789574,,,,,,,,,,,,,,,
3288051,,,,,,,,,,,,,,,
100143,,,,,,,,,,,,,,,
44788,,,,,,,,,,,,,,,
3509719,,,,,,,,,,,,,,,
3509737,,,,,,,,,,,,,,,
3523374,,,,,,,,,,,,,,,
111891,,,,,,,,,,,,,,,
101340,,,,,,,,,,,,,,,
3492343,,,,,,,,,,,,,,,
541920,,,,,,,,,,,,,Information Technology (IT),0,0
473266,,,,,,,,,,Information Technology (IT),3,0,Information Technology (IT),3,1
3533531,,,,,,,,,,,,,,,
100172,,,,,,,,,,,,,,,
3156695,,,,,,,,,,,,,,,
2653957,,,,,,,,,,,,,,,
424733,,,,,,,Technology and Manufacturing,0,0,Technology and Manufacturing,0,1,Technology and Manufacturing,0,2
86998,,,,,,,,,,,,,,,
46757,,,,,,,,,,,,,,,
225149,,,,,,,,,,,,,,,
3519315,,,,,,,,,,,,,,,
339199,Finance,0,0,Finance,0,1,Finance,0,2,Finance,0,3,Finance,0,4
48269,,,,,,,,,,,,,,,
2732305,,,,,,,,,,,,,,,
100082,,,,,,,,,,,,,,,
2843161,,,,,,,,,,,,,,,
100422,,,,,,,,,,,,,,,
109435,,,,,,,,,,,,,,,
2607559,,,,,,,,,,,,,,,
3246651,,,,,,,,,,,,,,,
97548,,,,,,,,,,,,,,,
2622945,,,,,,,,,,,,,,,
44000,,,,,,,,,,,,,,,
144410,,,,,,,,,,,,,,,
3471020,,,,,,,,,,,,,,,
46361,,,,,,,,,,,,,,,
121345,,,,,,,,,,,,,,,
90866,,,,,,,,,,,,,,,
1678277,,,,,,,,,,,,,,,
112027,,,,,,,,,,,,,,,
95968,,,,,,,,,,,,,,,
599571,,,,,,,,,,,,,,,
47982,,,,,,,,,,,,,,,
3462487,,,,,,,,,,,,,,,
384250,,,,Information Technology (IT),0,0,Information Technology (IT),0,1,Information Technology (IT),0,2,Information Technology (IT),0,3
47980,,,,,,,,,,,,,,,
81810,,,,,,,,,,,,,,,
730738,,,,,,,,,,,,,,,
102287,,,,,,,,,,,,,,,
2571184,,,,,,,,,,,,,,,
93905,,,,,,,,,,,,,,,
72575,,,,,,,,,,,,,,,
94075,,,,,,,,,,,,,,,
612294,,,,,,,,,,,,,,,
2829149,,,,,,,,,,,,,,,
527317,,,,,,,,,,,,,Finance,3,0
99225,,,,,,,,,,,,,,,
106871,,,,,,,,,,,,,,,
99748,,,,,,,,,,,,,,,
586121,,,,,,,,,,,,,,,
424175,,,,,,,Information Technology (IT),0,0,Information Technology (IT),0,1,Information Technology (IT),0,2
86315,,,,,,,,,,,,,,,
342088,Information Technology (IT),0,0,Information Technology (IT),0,1,Information Technology (IT),0,2,Information Technology (IT),0,3,Information Technology (IT),0,4
342077,Information Technology (IT),0,0,Information Technology (IT),0,1,Information Technology (IT),0,2,Information Technology (IT),0,3,Information Technology (IT),0,4
431603,,,,,,,,,,Technology and Manufacturing,3,0,Technology and Manufacturing,3,1
107306,,,,,,,,,,,,,,,
86563,,,,,,,,,,,,,,,
107160,,,,,,,,,,Technology and Manufacturing,3,0,Technology and Manufacturing,3,1
83312,,,,,,,,,,,,,,,
1032897,,,,,,,,,,,,,,,
39569,,,,,,,,,,,,,,,
46738,,,,,,,,,,,,,,,
106969,,,,,,,,,,,,,,,
44852,,,,,,,,,,,,,,,
41767,,,,,,,,,,,,,,,
94078,,,,,,,,,,,,,,,
92921,,,,,,,,,,,,,,,
436223,,,,,,,,,,,,,,,
2839108,,,,,,,,,,,,,,,
343591,Information Technology (IT),3,0,Information Technology (IT),3,1,Information Technology (IT),3,2,Information Technology (IT),3,3,Information Technology (IT),3,4
46785,,,,,,,,,,,,,,,
108681,,,,,,,,,,,,,,,
2980140,,,,,,,,,,,,,,,
334512,,,,,,,,,,,,,,,
43637,,,,,,,,,,,,,,,
2606813,,,,,,,,,,,,,,,
611467,,,,,,,,,,,,,,,
2288557,,,,,,,,,,,,,,,
2740761,,,,,,,,,,,,,,,
64469,,,,,,,,,,,,,,,
43907,,,,,,,,,,,,,,,
2949620,,,,,,,,,,,,,,,
2653890,,,,,,,,,,,,,,,
341169,Information Technology (IT),0,0,Information Technology (IT),0,1,Information Technology (IT),0,2,Information Technology (IT),0,3,Information Technology (IT),0,4
2811510,,,,,,,,,,,,,,,
2826312,,,,,,,,,,,,,,,
2756301,,,,,,,,,,,,,,,
2870167,,,,,,,,,,,,,,,
2826319,,,,,,,,,,,,,,,
112046,,,,,,,,,,,,,,,
337514,,,,,,,,,,,,,,,
92548,,,,,,,,,,,,,,,
2839166,,,,,,,,,,,,,,,
2633093,,,,,,,,,,,,,,,
2815286,,,,,,,,,,,,,,,
2780937,,,,,,,,,,,,,,,
2811897,,,,,,,,,,,,,,,
2600343,,,,,,,,,,,,,,,
1189217,,,,,,,,,,,,,,,
2807269,,,,,,,,,,,,,,,
94079,,,,,,,,,,,,,,,
2792048,,,,,,,,,,,,,,,
2453577,,,,,,,,,,,,,,,
2721993,,,,,,,,,,,,,,,
99509,,,,,,,,,,,,,,,
2787061,,,,,,,,,,,,,,,
95937,,,,,,,,,,,,,,,
688759,,,,,,,,,,,,,,,
48137,,,,,,,,,,,,,,,
100374,,,,,,,,,,,,,,,
45935,,,,,,,,,,,,,,,
2634861,,,,,,,,,,,,,,,
2708003,,,,,,,,,,,,,,,
109491,,,,,,,,,,,,,,,
2728948,,,,,,,,,,,,,,,
193668,,,,,,,,,,,,,,,
205406,,,,,,,,,,,,,,,
1236639,,,,,,,,,,,,,,,
44790,,,,,,,,,,,,,,,
92695,,,,,,,,,,,,,,,
2704645,,,,,,,,,,,,,,,
2757536,,,,,,,,,,,,,,,
2666098,,,,,,,,,,,,,,,
2766182,,,,,,,,,,,,,,,
2730284,,,,,,,,,,,,,,,
176804,,,,,,,,,,,,,,,
2745765,,,,,,,,,,,,,,,
2746792,,,,,,,,,,,,,,,
2727278,,,,,,,,,,,,,,,
75177,,,,,,,,,,,,,,,
2743307,,,,,,,,,,,,,,,
468836,,,,,,,,,,,,,,,
2743204,,,,,,,,,,,,,,,
68891,,,,,,,,,,,,,,,
2738064,,,,,,,,,,,,,,,
338453,,,,,,,,,,,,,,,
2726121,,,,,,,,,,,,,,,
46895,,,,,,,,,,,,,,,
101938,,,,,,,,,,,,,,,
1482137,,,,,,,,,,,,,,,
46397,,,,,,,,,,,,,,,
1095818,,,,,,,,,,,,,,,
85740,,,,,,,,,,,,,,,
1544257,,,,,,,,,,,,,,,
1544158,,,,,,,,,,,,,,,
1544337,,,,,,,,,,,,,,,
1481697,,,,,,,,,,,,,,,
2649747,,,,,,,,,,,,,,,
483882,,,,,,,,,,,,,,,
98610,,,,,,,,,,,,,,,
1646097,,,,,,,,,,,,,,,
1544217,,,,,,,,,,,,,,,
1559257,,,,,,,,,,,,,,,
1630337,,,,,,,,,,,,,,,
1543937,,,,,,,,,,,,,,,
2699554,,,,,,,,,,,,,,,
2652760,,,,,,,,,,,,,,,
1484617,,,,,,,,,,,,,,,
1482837,,,,,,,,,,,,,,,
1484597,,,,,,,,,,,,,,,
44712,,,,,,,,,,,,,,,
1544397,,,,,,,,,,,,,,,
1544357,,,,,,,,,,,,,,,
2721982,,,,,,,,,,,,,,,
1543897,,,,,,,,,,,,,,,
2719232,,,,,,,,,,,,,,,
102102,,,,,,,,,,,,,,,
105533,,,,,,,,,,,,,,,
2722815,,,,,,,,,,,,,,,
2724081,,,,,,,,,,,,,,,
1628877,,,,,,,,,,,,,,,
1544057,,,,,,,,,,,,,,,
1484457,,,,,,,,,,,,,,,
1482237,,,,,,,,,,,,,,,
1559177,,,,,,,,,,,,,,,
39505,,,,,,,,,,,,,,,
2659128,,,,,,,,,,,,,,,
100518,,,,,,,,,,,,,,,
72750,,,,,,,,,,,,,,,
2705418,,,,,,,,,,,,,,,
2085497,,,,,,,,,,,,,,,
673317,,,,,,,,,,,,,,,
99086,,,,,,,,,,,,,,,
79124,,,,,,,,,,,,,,,
606205,,,,,,,,,,,,,,,
106924,,,,,,,,,,,,,,,
90044,,,,,,,,,,,,,,,
74646,,,,,,,,,,,,,,,
46708,,,,,,,,,,,,,,,
92539,,,,,,,,,,,,,,,
47067,,,,,,,,,,,,,,,
2643367,,,,,,,,,,,,,,,
730637,,,,,,,,,,,,,,,
92707,,,,,,,,,,,,,,,
1170917,,,,,,,,,,,,,,,
86244,,,,,,,,,,,,,,,
46068,,,,,,,,,,,,,,,
797858,,,,,,,,,,,,,,,
2634393,,,,,,,,,,,,,,,
2666074,,,,,,,,,,,,,,,
44010,,,,,,,,,,,,,,,
2658616,,,,,,,,,,,,,,,
602855,,,,,,,,,,,,,,,
89381,,,,,,,,,,,,,,,
2599476,,,,,,,,,,,,,,,
81660,,,,,,,,,,,,,,,
2636730,,,,,,,,,,,,,,,
579500,,,,,,,,,,,,,,,
2465277,,,,,,,,,,,,,,,
2464357,,,,,,,,,,,,,,,
2631748,,,,,,,,,,,,,,,
2631110,,,,,,,,,,,,,,,
46817,,,,,,,,,,,,,,,
2630751,,,,,,,,,,,,,,,
46770,,,,,,,,,,,,,,,
2611078,,,,,,,,,,,,,,,
2001597,,,,,,,,,,,,,,,
2406877,,,,,,,,,,,,,,,
2579959,,,,,,,,,,,,,,,
2580940,,,,,,,,,,,,,,,
2589411,,,,,,,,,,,,,,,
2590927,,,,,,,,,,,,,,,
106904,,,,,,,,,,,,,,,
337277,,,,,,,,,,,,,,,
2576559,,,,,,,,,,,,,,,
47886,,,,,,,,,,,,,,,
2576680,,,,,,,,,,,,,,,
2589425,,,,,,,,,,,,,,,
76233,,,,,,,,,,,,,,,
4635327,,,,,,,,,,,,,,,
80303,,,,,,,,,,,,,,,
41779,,,,,,,,,,,,,,,
1296817,,,,,,,,,,,,,,,
343520,Information Technology (IT),3,0,Information Technology (IT),3,1,Information Technology (IT),3,2,Information Technology (IT),3,3,Information Technology (IT),3,4
46527,,,,,,,,,,,,,,,
190156,,,,,,,,,,,,,,,
37497,,,,,,,,,,,,,,,
887337,,,,,,,,,,,,,,,
2467544,,,,,,,,,,,,,,,
126369,,,,,,,,,,,,,,,
92650,,,,,,,,,,,,,,,
106845,,,,,,,,,,,,,,,
79998,,,,,,,,,,,,,,,
5153118,,,,,,,,,,,,,,,
42300,,,,,,,,,,,,,,,
619651,,,,,,,,,,,,,,,
338456,,,,,,,,,,,,,,,
148341,,,,,,,,,,,,,,,
613506,,,,,,,,,,,,,,,
93323,,,,,,,,,,,,,,,
1012857,,,,,,,,,,,,,,,
60296,,,,Finance,0,0,Finance,0,1,Finance,0,2,Finance,0,3
463855,,,,,,,,,,Mobility,1,0,Mobility,1,1
106926,,,,,,,,,,,,,,,
107296,,,,,,,,,,,,,,,
111882,,,,,,,,,,,,,,,
106955,,,,,,,,,,,,,,,
95914,,,,,,,,,,,,,,,
497755,,,,,,,,,,,,,Mobility,0,0
64193,,,,,,,,,,,,,,,
6307687,,,,,,,,,,,,,,,
431207,,,,,,,Information Technology (IT),0,0,Information Technology (IT),0,1,Information Technology (IT),0,2
849257,,,,,,,,,,,,,,,
70639,,,,,,,,,,,,,,,
6504434,,,,,,,,,,,,,,,
1300437,,,,,,,,,,,,,,,
467398,,,,,,,,,,,,,,,
97431,,,,,,,,,,,,,,,
92655,,,,,,,,,,,,,,,
112121,,,,,,,,,,,,,,,
100631,,,,,,,,,,,,,,,
6495173,,,,,,,,,,,,,,,
1018717,,,,,,,,,,,,,,,
6216310,,,,,,,,,,,,,,,
110179,,,,,,,,,,,,,,,
107207,,,,,,,,,,,,,,,
624983,,,,,,,,,,,,,,,
6405949,,,,,,,,,,,,,,,
106835,,,,,,,,,,,,,,,
44815,,,,,,,,,,,,,,,
79174,,,,,,,,,,,,,,,
111981,,,,Technology and Manufacturing,0,0,Technology and Manufacturing,0,1,Technology and Manufacturing,0,2,Technology and Manufacturing,0,3
110644,,,,,,,,,,,,,,,
6501244,,,,,,,,,,,,,,,
408968,,,,,,,,,,,,,,,
640077,,,,,,,,,,,,,,,
46746,,,,,,,,,,,,,,,
4863906,,,,,,,,,,,,,,,
107989,,,,,,,,,,,,,,,
92549,,,,,,,,,,,,,,,
6490631,,,,,,,,,,,,,,,
6490628,,,,,,,,,,,,,,,
6490625,,,,,,,,,,,,,,,
6490601,,,,,,,,,,,,,,,
6490597,,,,,,,,,,,,,,,
112357,,,,,,,,,,,,,,,
6490600,,,,,,,,,,,,,,,
6490589,,,,,,,,,,,,,,,
6490592,,,,,,,,,,,,,,,
6490582,,,,,,,,,,,,,,,
6490595,,,,,,,,,,,,,,,
6490587,,,,,,,,,,,,,,,
6490585,,,,,,,,,,,,,,,
43885,,,,,,,,,,,,,,,
640218,,,,,,,,,,,,,,,
46767,,,,,,,,,,,,,,,
47062,,,,,,,,,,,,,,,
92863,,,,,,,,,,,,,,,
47995,,,,,,,,,,,,,,,
80003,,,,,,,,,,,,,,,
65884,,,,,,,,,,,,,,,
46777,,,,,,,,,,,,,,,
110073,,,,,,,,,,,,,,,
112184,,,,,,,,,,,,,,,
305387,,,,,,,,,,,,,,,
339228,,,,,,,,,,,,,,,
111837,,,,,,,,,,,,,,,
65881,,,,,,,,,,,,,,,
112195,,,,,,,,,,,,,,,
46837,,,,,,,,,,,,,,,
442958,,,,,,,Finance,0,0,Finance,0,1,Finance,0,2
336306,,,,,,,,,,,,,Mobility,3,0
480834,,,,,,,,,,,,,Technology and Manufacturing,0,0
111182,,,,,,,,,,Finance,0,0,Finance,0,1
111148,,,,,,,,,,Sales and Marketing,4,0,Sales and Marketing,4,1
89884,,,,,,,,,,Finance,4,0,Finance,4,1
484319,,,,,,,,,,,,,Human Resources,0,0
4863752,,,,,,,,,,,,,,,
46406,,,,,,,,,,Technology and Manufacturing,0,0,Technology and Manufacturing,0,1
465945,,,,,,,,,,Technology and Manufacturing,0,0,Technology and Manufacturing,0,1
48083,,,,,,,,,,Technology and Manufacturing,1,0,Technology and Manufacturing,1,1
107168,,,,,,,,,,,,,Technology and Manufacturing,0,0
73018,,,,,,,Technology and Manufacturing,0,0,Technology and Manufacturing,0,1,Technology and Manufacturing,0,2
447136,,,,,,,,,,,,,Information Technology (IT),0,0
112249,,,,,,,,,,,,,,,
473256,,,,,,,,,,Information Technology (IT),0,0,Information Technology (IT),0,1
107079,,,,,,,,,,,,,,,
44180,,,,,,,,,,,,,,,
498112,,,,,,,,,,,,,Information Technology (IT),4,0
106872,,,,,,,,,,,,,Technology and Manufacturing,3,0
332479,,,,Finance,0,0,Finance,0,1,Finance,0,2,Finance,0,3
341170,Information Technology (IT),0,0,Information Technology (IT),0,1,Information Technology (IT),0,2,Information Technology (IT),0,3,Information Technology (IT),0,4
338794,Information Technology (IT),3,0,Information Technology (IT),3,1,Information Technology (IT),3,2,Information Technology (IT),3,3,Information Technology (IT),3,4
6422122,,,,,,,,,,,,,,,
6429027,,,,,,,,,,,,,,,
6430075,,,,,,,,,,,,,,,
6425668,,,,,,,,,,,,,,,
384252,,,,Information Technology (IT),0,0,Information Technology (IT),0,1,Information Technology (IT),0,2,Information Technology (IT),0,3
90134,,,,,,,Information Technology (IT),0,0,Information Technology (IT),0,1,Information Technology (IT),0,2
110746,,,,Technology and Manufacturing,3,0,Technology and Manufacturing,3,1,Technology and Manufacturing,3,2,Technology and Manufacturing,3,3
110768,,,,Technology and Manufacturing,0,0,Technology and Manufacturing,0,1,Technology and Manufacturing,0,2,Technology and Manufacturing,0,3
102048,,,,Technology and Manufacturing,1,0,Technology and Manufacturing,1,1,Technology and Manufacturing,1,2,Technology and Manufacturing,1,3
99234,,,,Technology and Manufacturing,0,0,Technology and Manufacturing,0,1,Technology and Manufacturing,0,2,Technology and Manufacturing,0,3
92704,,,,Technology and Manufacturing,1,0,Technology and Manufacturing,1,1,Technology and Manufacturing,1,2,Technology and Manufacturing,1,3
342563,Information Technology (IT),0,0,Information Technology (IT),0,1,Information Technology (IT),0,2,Information Technology (IT),0,3,Information Technology (IT),0,4
6387415,,,,,,,,,,,,,,,
343594,Information Technology (IT),0,0,Information Technology (IT),0,1,Information Technology (IT),0,2,Information Technology (IT),0,3,Information Technology (IT),0,4
343593,Information Technology (IT),0,0,Information Technology (IT),0,1,Information Technology (IT),0,2,Information Technology (IT),0,3,Information Technology (IT),0,4
342471,Information Technology (IT),0,0,Information Technology (IT),0,1,Information Technology (IT),0,2,Information Technology (IT),0,3,Information Technology (IT),0,4
106951,,,,Technology and Manufacturing,0,0,Technology and Manufacturing,0,1,Technology and Manufacturing,0,2,Technology and Manufacturing,0,3
6414613,,,,,,,,,,,,,,,
352782,,,,Information Technology (IT),4,0,Information Technology (IT),4,1,Information Technology (IT),4,2,Information Technology (IT),4,3
377386,,,,Information Technology (IT),0,0,Information Technology (IT),0,1,Information Technology (IT),0,2,Information Technology (IT),0,3
47068,,,,,,,Technology and Manufacturing,0,0,Technology and Manufacturing,0,1,Technology and Manufacturing,0,2
37367,,,,,,,,,,,,,,,
211789,Technology and Manufacturing,0,0,Technology and Manufacturing,0,1,Technology and Manufacturing,0,2,Technology and Manufacturing,0,3,Technology and Manufacturing,0,4
107069,Technology and Manufacturing,0,0,Technology and Manufacturing,0,1,Technology and Manufacturing,0,2,Technology and Manufacturing,0,3,Technology and Manufacturing,0,4
105783,,,,Technology and Manufacturing,4,0,Technology and Manufacturing,4,1,Technology and Manufacturing,4,2,Technology and Manufacturing,4,3
